Row Labels,Acacia Pied Barbet,Acrocephalus spp,African Crake,African Cuckoo,African Firefinch,African Fish Eagle,African Goshawk,African Green Pigeon,African Grey Hornbill,African Harrier-Hawk,African Hawk Eagle,African Hoopoe,African Palm Swift,African Paradise Flycatcher,African Pied Wagtail,African Pipit,African Reed Warbler,African Swift,Amethyst Sunbird,Amur Falcon,Aquila spp,Arrow-marked Babbler,Ashy Flycatcher,Barn Swallow,Bar-throated Apalis,Bateleur,Bearded Scrub Robin,Bearded Woodpecker,Bennett's Woodpecker,Black Cuckoo,Black Cuckooshrike,Black-backed Puffback,Black-bellied Bustard,Black-collared Barbet,Black-crowned Tchagra,Black-headed Heron,Black-headed Oriole,Black-shouldered Kite,Blacksmith Lapwing,Black-winged Stilt,Blue Waxbill,Brimstone Canary,Broad-tailed Warbler,Bronze Mannikin,Brown-crowned Tchagra,Brown-headed Parrot,Brown-hooded Kingfisher,Brubru,Burchell's Coucal,Burnt-necked Eremomela,Cape Batis,Cape Glossy Starling,Cape Turtle Dove,Cape White-eye,Cardinal Woodpecker,Cattle Egret,Chinspot Batis,Common Buttonquail,Common Greenshank,Common Myna,Common Ostrich,Common Quail,Common Sandpiper,Common Scimitarbill,Common Swift,Common Waxbill,Crested Barbet,Crested Francolin,Crested Guineafowl,Croaking Cisticola,Crowned Hornbill,Crowned Lapwing,Dark-capped Bulbul,Desert Cisticola,Dideric Cuckoo,Dusky Indigobird,Eastern Nicator,Egyptian Goose,Emerald-spotted Wood Dove,Eurasian Hobby,European Bee-eater,European Roller,Fan-tailed Widowbird,Fiery-necked Nightjar,Flappet Lark,Fork-tailed Drongo,Gabar Goshawk,Golden-breasted Bunting,Golden-tailed Woodpecker,Gorgeous Bushshrike,Great Reed Warbler,Greater Honeyguide,Green Wood-Hoopoe,Green-backed Camaroptera,Green-winged Pytilia,Grey Go-Away Bird,Grey Heron,Grey Penduline-Tit,Grey Sunbird,Grey Tit-Flycatcher,Grey-headed Bushshrike,Groundscraper Thrush,Hadada Ibis,Hamerkop,Helmeted Guineafowl,Hooded Vulture,House Martin,House Sparrow,Jacobin Cuckoo,Jameson's Firefinch,Klaas's Cuckoo,Kurrichane Thrush,Laughing Dove,Lazy Cisticola,Lesser Grey Shrike,Lesser Honeyguide,Lesser Masked Weaver,Lesser Striped Swallow,Levaillant's Cuckoo,Lilac-breasted Roller,Little Bee-eater,Little Rush Warbler,Little Swift,Livingstone's Turaco,Long-billed Crombec,Long-billed Pipit,Long-tailed Paradise Whydah,Malachite Kingfisher,Marabou Stork,Marico Sunbird,Marsh Owl,Marsh Sandpiper,Marsh Warbler,Namaqua Dove,Narina Trogon,Natal Spurfowl,Neddicky,Olive Bushshrike,Olive Sunbird,Orange-breasted Bushshrike,Pale Flycatcher,Peregrine Falcon,Pied Crow,Pied Kingfisher,Pink-throated Twinspot,Pin-tailed Whydah,Plain-backed Pipit,Purple-banded Sunbird,Purple-crested Turaco,Rattling Cisticola,Red-backed Shrike,Red-billed Oxpecker,Red-billed Quelea,Red-breasted Swallow,Red-capped Robin-Chat,Red-chested Cuckoo,Red-collared Widowbird,Red-eyed Dove,Red-faced Cisticola,Red-faced Mousebird,Red-fronted Tinkerbird,Red-headed Weaver,Red-winged Starling,Reed Cormorant,Retz's Helmetshrike,Rock Dove,Rudd's Apalis,Rufous-naped Lark,Sabota Lark,Sand Martin,Scaly-throated Honeyguide,Scarlet-chested Sunbird,Senegal Lapwing,Shelley's Francolin,Sombre Greenbul,Southern Black Flycatcher,Southern Black Tit,Southern Boubou,Southern Fiscal,Southern Grey-headed Sparrow,Southern Masked Weaver,Southern Red Bishop,Southern Red-billed Hornbill,Southern Yellow-billed Hornbill,Speckled Mousebird,Spectacled Weaver,Spotted Flycatcher,Spotted Thick-knee,Steppe Buzzard,Stierling's Wren-Warbler,Streaky-headed Seedeater,Striped Kingfisher,Swainson's Spurfowl,Tambourine Dove,Tawny-flanked Prinia,Terrestrial Brownbul,Thick-billed Weaver,Three-banded Plover,Trumpeter Hornbill,Village Weaver,Violet-backed Starling,Wahlberg's Eagle,Water Thick-knee,White-backed Vulture,White-bellied Sunbird,White-browed Robin-Chat,White-browed Scrub Robin,White-crested Helmetshrike,White-faced Whistling Duck,White-fronted Bee-eater,White-throated Robin-Chat,White-winged Widowbird,Willow Warbler,Wire-tailed Swallow,Wood Sandpiper,Woodland Kingfisher,Yellow-bellied Eremomela,Yellow-billed Kite,Yellow-breasted Apalis,Yellow-fronted Canary,Yellow-fronted Tinkerbird,Yellow-rumped Tinkerbird,Yellow-throated Longclaw,Yellow-throated Petronia,Zitting Cisticola
23,,,,,,,,,,,,,,2,,,,,,,,4,,,,,,,,,,,,,,,1,,,,,,,,1,,,1,1,,,,1,,,,1,,,,,,,1,,,,,,,,,2,,1,,1,,2,,,,,,,2,,1,1,,,,,,,,,,,,1,,,,,,,,,,1,1,,,,,,,,,,,,,,,,,,,,,,,,,,,,,,,,,,,,,2,2,,,,,,1,,1,,2,,,,,,,,,,,,,,,1,,,,,2,,,,,,,1,,,,,,,,1,,,,,,1,,,,,,1,,,,,,,,,1,,,1,2,,1,,,
24,,,,,,,,,,,,,,1,,,,,,,,,,,,,,,,,,,,,1,,2,,,,,,,,,,,1,1,,,1,1,1,,,,,,,,,,1,,2,,,,,,,2,,,,1,,2,,26,,,,,4,,2,,,,,,,,,,3,,,1,,,,,,,,,,1,,,,,,,,,,,,,,1,,,,,,,,,,,,,,,,,,,,,,,,1,2,1,,,,,,,1,,4,,,,,,,,,,,,1,,,,,,,,,,,,,,1,,,,,,,,,2,,,,,,,,,,1,,1,,,,,,1,,,1,,,,2,,,,,
25,,,,,,,,,,,,,,1,,,,,,,,,,1,,,,,,,,1,,,1,,1,,,,1,,,,,,,1,2,,,2,1,,,,,,,,,,,1,,,1,,,,,,3,,1,,,,3,,6,,,,,2,,1,,,,,,,,,,,,,,,,,,,,,,,,,,,,,,,,,,,,,,,,,,,,,,,,,,,,,,,,,,,,,,3,1,3,,,,1,1,1,,7,,,,,,,,,,,,,,,1,,,,,,,,,,,,,,,,,,,,1,,,,,,,,,,1,,2,,,,,,,,,,,,,5,,,,2,
26,,,,,,,,,,,,,,,,,,,,,,3,,2,,,,,,,,1,,,1,,,,,,1,,,,1,,,,,,,,,,,,,,,,,,,,,,1,,,,,,2,,1,,,,1,,,,,,,,,,,,,,4,,,,,,,,,,,,,,,,,,,,,,,,4,,,,1,,,,,,,,,,,,,,,,,,,,,,,,,,,,,2,,,20,,,,5,,1,,,,,,,,,,,1,,,,,,,2,,,,,,,,,,,,,,,,,,1,,,,,,,,,,,,,,,,,,,,,,,,,3,,,,,
27,,,,,,,,,,,,,,1,,,,,,,,2,,16,,,,1,,,,,,,1,,1,,,,,,,,,,,,1,,,2,2,,1,,2,,,,,,,,,,,,,,,,3,,,,,,2,,3,,,,,2,,1,,,,,,,,,,,,,,,,,,,,,,,,1,,,,,,2,,,,,,,,,,,,,,,,,,,,,,,,,,,,,,,1,2,1,,,,,,,2,,6,,,,,,,,,,,,,,,1,,2,,,,,,,,2,,1,,,,,,,,1,,,,,,,,,,,,1,,,,,,,,,1,,,,2,,,,,
28,,,,,,,,1,,,,,,1,,,,,,,,,,,,,,,,,,,,,,,1,,,,2,,,,1,,,,,,,,,,1,,,,,,,,,,,,,,,,1,,3,,1,,1,,2,,,,,,,1,,,1,,,,,,,,,,,,,,,,,,,,,,,1,,,,,,,,,,,,,1,,,,,,,,,,,,,,,,,,,,,,,,1,2,,,,,,,,1,,1,,,,,,,,,,,,,,,2,,,,,,,,,,,1,,,,,,,,,1,,,,,,,,,,1,,1,,,,,,,,,,,,,3,,1,,,
30,,,,,,,,,,,,,,1,,,,,,,,5,,,,,,,,,,1,,,1,,,,,,,,,2,,,,,1,,,,,,,,1,,,,,,,,,,,,,,,,2,,,,1,,1,,,,,,,,,,1,,,,,,,,,,,,,,1,,,,,,,,,,,,,,,,,,,,,,,,,,,,,,,,,,,,,,,,,,,,,,,3,1,,,,,,,,,1,,,,,,,,,,,,,,,1,,,,,,,,,,,,,,,,,,,,2,,,,,,,,,,,1,1,,,,,,,,,,,,,3,,1,,1,
32,,,,,,2,,,,,,,,,,,,,,,,,,,,,,,,,,,,,,,,,,,,,,,1,,1,,,,,,,,,,1,,,,,,,,,,,,,1,,,2,,1,,,,2,,,,,,,2,,2,1,,,,,,,,,,,,1,,,,,,,,,,,1,,,,,,,,,,,,,,,,,,,,,,,,,,,,,,,,,,,,,,2,1,,,,,,,,,1,,,,,,,,,,,,,,,,,,,,,,,,,,,,,,,,,1,,2,,,,,,,,,,,,,,,,,,,,,,,,1,2,,,,,
33,,,,,,,,,,,,,,,,,,,,,,,,,,,,,,,,,,,1,,,,,,,,,,1,,,,,,,,,,,,,,,,,,,,,,,,,,,,3,,,,,,,,,,,,,,,,,,,,,,,,,,,,1,,,,,,,,,,,,,,,,,3,,,,,,,,,,,,,,,,,,,,,,1,,,,,,,,,,2,1,,,,,,1,,1,1,,,,,,,,,,,,,,,,,1,,,,,,,,,,,,,,,,,,1,,,,,,,,,,,,2,,,,,,,,,,,,,3,,,,,
34,,,,,,,,,,,,,,,,,,,,,,,,2,,,,,,,,,,,,,,,,,,,,,,,,,,,,,,,,,1,,,,,,,,,,,,,1,,,2,,,,2,,1,,1,,,,,,,,,,,,,,,,,,,,,,,,,,,,,,,,,,,,,1,,,,,,,,,1,,,,,,,,,,,,,,,,,,,,,,,3,1,,,,,,,,,,,,,,,,,,,,,1,,,,,,,,1,,,,,,,,,,,,,,,1,,,,,,,1,,,,,,,,,,,,,,,,,,3,,,,2,
35,,,,,,,,,,1,,,,2,,,,,,,,,,1,,,,1,,,1,1,2,,,,1,,,,1,,,,,,,,1,,,,,,,,2,,,,,,,,,,,,,,,,2,,,,1,,2,,,,,,,1,,,,,,,3,,,,,,,,,,,,,,,,,,1,,,,,,,,,,,,,,,,,,,,,,,,,,,,,,,,,,,,,,,3,1,2,,,,,,,,1,,,,,,,,,,,,,,,,,,,,,,,,,,,,,,,,,1,,2,,,,1,,1,,,,,,2,,,,,,,,,,,,,3,,,,,
36,,,,,,,,,,,,,1,1,,,,,,,,,,,,,,,,,,,,,,,1,,,,2,,,,,,,,1,,,6,1,,1,,2,,,,,,,,,,,,,,,,1,,,,,,1,,,,,,,4,,1,#VALUE!,,,,,,,,,,,,,,,,5,,,,,,,1,,,,,,,,,,,,,,,,,,,,,,,,,,,,,,,,,,,,,,2,1,1,,,,,,,,,,,,,,,,,,,,,,,,,1,,,,,,,,,,,,,,,1,,,,,,,,,1,,,,,,1,,,,,,,,,2,,,,3,,,,3,
37,,,,,,,,1,,,,,,1,,,,,,,,,,,,,,,,1,,1,,2,1,,1,,,,3,,,,,,1,,1,,,2,1,,1,,1,,,,,,,1,,,,,,,,,4,,1,,1,,2,,,,10,,,1,,1,,,,1,,,,,,,,,1,,,,1,,,,,,,,,,,,,,,,2,,,,2,,1,,,,,,,,,,,,,1,,,,,,,,,1,3,,1,,,,,,1,,,,,,,,,,,,,1,,,,,,2,,,,,,,,,1,1,,,,,,,,2,,,,,,,,,,,,,7,,,,1,1,,,1,,,1,6,,,,2,
38,,,,,,,,,,,,,,1,,,,,,,,,,2,,,,1,,,,1,,,1,,1,,,,1,,,,,,,,,,,,1,,,,,,,,,,,1,,,,,,1,,,3,,,,2,,2,,1,,,,,2,,2,,,,,,,,,,,,,,,,,,,,,,3,,,,,,,,14,,,,,,,,,,,,,,,,,,,,,,2,,,,,,,,,,3,2,,,,,,,2,,,,,,,,,,,,,,,,,,,1,,,,,,,,,,1,,,,,2,,,1,,,,,,,,,,,,1,,,,,,1,,,,,,,2,,,,,
39,,,,,,,,,,,,,,,,,,,,,,,,,,,,,,,1,,2,,1,,1,,,,,,,,,,,1,1,,,2,1,,,,,,,,,,,1,,,,,,1,,,3,,,,1,,2,,22,,,,,,,1,,,,,4,,,,,,,,1,,,,,,,,,,,,,,,,,,,,,,,,1,,1,,,,,,,,,,,,,,,,,,,,,,1,3,1,,,,,,,,,,,,,,,,,,,,,,,,,,2,,,,,,,,2,1,1,,,,,2,,,1,,,,1,,2,,,,,,1,6,,,,2,,,,1,,,1,5,,,,,
40,,,,,2,,,,,,,,,,,,,,,,,,,1,,,,,,,,,1,,1,,1,,,,,,,,,,,,1,,,1,,,,,1,,,,,,,,,,,,,,,,1,,,,1,,1,,1,,,,,,,,,,,1,,,,,,,,,,,,,,,,,,1,,,,,,,,2,,,,,,,,,,,,,,,,,,,,,,,,,,,,,,,,2,,,3,,,,1,,,,,,,,,,,,,,,,,,,,2,,,,,,,,,,,,,,,1,,,1,,,,,,,,,,1,,,,,,,2,,,,,1,,,1,,,,,
41,,,,,,,,,,,,,,,,,,,,,,,,,,,,,,1,,,,,1,,1,,,,2,,,,1,,,1,,,,,,,1,,,,,,,,,,,,,,,,,,3,,,,,,2,,1,,,,,2,,1,,,,1,,,,,,,,,1,,,,,,,,,,,,1,,,,,3,,,,,,,,,,,,,,,,,,,,,,,,,,,,,,,,2,1,2,,,,,1,,,,,,,,,,,,,,,,,,,,1,,,,1,1,,,,,,,,,,1,,,2,,,,,,,,,,,,,,,,,2,,,,,,,,2,,,,,
42,,,,,,,,,,,,,,1,,,,,,,,,,,,,,,,,,,,,1,,1,,,,7,,,,,,,,,,,,1,,,,2,,,,,,,,,,,,,,,,2,,,,,,1,,,,,,,2,,,,,,,,,,,,,,,,,,,,,,,,,,1,,,,,,,,,,,,,,,,,,,,,,,,,,,,,,,,,,,,,1,4,1,2,,,,,,,,1,,,,,,,,,,,,1,,,,,2,,,,,,,,,,,,,,,1,,,1,,,,,,1,,,,,,2,7,,,,,,,,2,,,,1,,,,,
43,,,,,,,,,,,,,,,,,,,,,,,,,,,,,,,,,,,,,2,,,,2,,,,1,,1,,,,,,2,,1,,1,,,,,,,1,,,,,,,,,2,,,,2,,3,,1,,,,,2,,,1,,,,,,,,,,,1,1,,2,,,,,,,,,1,,,,,,1,,,,,,,,,,,,,,,,,,,,,,2,,,,,,,,,,,,,,,,1,,1,,,,,,,1,,,,,,,,,,,,2,,,1,,,,,,,,,,,,,,,,,,,,,,,,,1,,1,5,,,,,,,,1,,,1,,,,,,
44,,,,,,,,,,,,,,2,,,,,,,,,,,,,,1,,1,,2,,2,,,1,,,,1,,,,,,1,,1,,,,,,1,,1,,,,,,,,,,,,,,,,3,,,,2,,2,,,,,,,1,,1,1,2,,,,1,,,,,,,2,,,,,,,,,,,1,,,,,,,,,,,,,,,,,,,,,,,,,,,,1,,,,,,,,,1,1,,,,,,1,,,,2,,,,,,,,,,,,1,,,2,,2,,,,,,,,,,1,,,,,1,,,1,2,,,,,,,,,1,,2,1,,,,,,,,1,,,1,,,,,,
45,,,,,,,,,,,,,,2,,,,,,,,,,,,,,1,,,,1,,2,,,1,,,,1,,,,,,1,,,,,,,,1,,1,,,,,,,,,,,,,,,,1,,,,2,,4,,,,,,,3,,,,2,,,,2,,,,,,,1,,3,,,,,,,,,1,,,,,,,,,,,,,,,,,,,,,,,,,,,,1,,,,,,,,,,,,,,,,1,,1,,2,,,,,,,,,,,,1,,,1,,,,,,,,,,,,1,,,,,1,,,1,3,,,,,,,,,2,,,,,,,,,,,,,,3,,,,,,
46,,,,,,,,2,,,,,,1,,,,,,,,,,,,,,1,,2,,1,,,1,,1,,,,1,,,,1,,,,,,,,1,,,,2,,,,,,,,,,,,,,,,3,,,,2,,2,,,,,,,4,,1,,2,,,3,2,,,,,,1,,,,,,,,,,,,,,,,,,,,,,,,,,,,,,,,,,,,,,,,,,,,,,,,,,,,,,,,,,2,,,,,,,,,,,,,,,,,1,,2,,,,,,,,,,,,,,,,,,2,,,,,,1,,,,,1,1,,,,,,,,,2,,,,2,,,,,
47,,,,,,,,,,,,,,,,,,,,,,,2,,,,,,,,,1,,,,,1,,,,,,,,,,1,,1,,,,1,,,,1,,,,,,,,,,,,,,,,3,,,,,,2,,,,,,,,,1,1,,,,3,,,,,,,,,,,,,,,,,,,,,,,,,,,,,,,,,,,,,,,,,,,,,,,1,,,,,,,,,,,,,,,,,,1,1,1,,,,,,,,,,,,,,,,,,,,,,,,,,,,,,,,,,,1,,,,,,,,,,1,,,2,,,,,,,,1,,,,1,,,,,
48,,,,,,,,,,,,,,2,,,,,1,,,,,,,,,,,1,,1,,,,,2,,,,,,,,1,,1,,,,,,,,1,,1,,,,,,,1,,,,,,,,,3,,,,2,,3,,,,,,,2,,,,1,,,3,1,,,,,,,1,,,,,,,,,,,,,,,,,,,,,,,,,,,,,3,,,,,,,,,,1,,,,,,,,,,2,,,,,,,,1,,,,,,,1,,,,,,,,,,1,,3,,,,,,,,,,,,,,,,,,1,3,,,,,1,,,,1,,1,2,,,,,,,,1,,,,3,,,,,
49,,,,,,,,2,,,,,,1,,,,,,,,,,,,,,1,,1,,1,,1,,,1,,,,,,,,1,,,,,,,,,,,,1,,,,,,,1,,,,,,,,,3,,,,1,,2,,,,,,,3,,,1,2,,,1,1,,,,,,,1,,,,3,,,,,,,1,1,,,,,,,,,,,,,,,,,,,,,,,,,,,1,,,,,,,,1,,1,,,,,,,,1,,,,,,,,,,,,,,,,,1,,2,,,,,,,,,,,,,,,,,,,4,,,,,1,,,,1,,1,,,,,,,,,,,,1,1,,1,,,
50,,,,,,,,,,,,,,2,,,,,,,,,,,,,,,,,,1,,,1,,1,,,,2,,,,,,,,,,,,,,,,1,,,,,,,,,,,,,,,,2,,,,2,,2,,,,,,,2,,,1,2,,,,2,,,,,,,1,,,,,,,,,,,,,,,,,,,,,,,,1,,,,,,,,,,,,,,,,,,,,,,,,,,,,,,,1,,,,,,,,,,,,,,,,,,,,,2,,,,,,,,,,,,,,,2,,,,,,,,,,,,,1,,1,3,,,,,,,,1,,,,,,,,,
51,,,,,,,,,,,,,,1,,,,,,,,,,,,,,,,,,,,,,,1,,,,,,,,,,,,1,,,,,,,,1,,,,,,,,,,,,,,,,3,,,,2,,3,,,,,,,,,,1,2,,,,1,,,,,,,2,,,,,,,,,,,,,,,,,,,,,,,,1,,,,,,,,,,,,,,,,,,,,,,,,,1,,,,,,1,,1,,,,,,,,,,,,,,,,,,,,,,,,,,,,,1,,,,,,,,1,,,,,,,,,,1,,1,,,,,,,,,,,,1,2,,,,,
52,,,,,,,,,,,,,,1,,,,,,,,,,,,,,,,2,,,,,,,,,,,1,,,,,,,,,,,,,,,,1,,,,,,,,,,,,,,,,3,,,,3,,1,,,,,2,,2,,1,,,,,,,,,,,,,1,,,,,,,,,,,1,,,,,,,,,,,,,,,,,,,,,,,,,,,,,,,,,,,,,1,1,,,,,,,,,,,,,,,,,,,,,,,,,,,,,,,,,,,,,,,,,,,,,,,,,,,,,,,1,,,,,,,,,,,,,,,2,,,,,
53,,,,,,,,2,,,,,,1,,,,,,,,,,,,,,1,,2,1,,,2,,,2,,,,2,,,,,,,1,,,,3,1,,,,1,,,,,,,,,,,,,,,,2,,,,2,,4,,,,,,,6,,,1,,,,3,,,,,,,,2,,,,,,,,,,,1,,,,,,,,,,,,,,,,,,,,,,,,,1,,,,,,,,,,,,1,,,2,,,,1,,1,,,,,,,,,,,,,,2,,,,,1,,,,,,,,,,,,,,,1,,,,,,,,,2,,,,,,,,,,,,,,,2,,,,2,,,,2,
54,,,,,,,,,,,,,,,,,,,,,,,,1,,,,1,,,,,,1,1,,2,,,,1,,,,1,,,1,1,,,,1,,,,1,,,,,,,2,,,,,,,,,3,,,,1,,1,,,,,,,3,,1,1,,,,4,,,,,,,,1,,,,,,,,,,,,,,,,,,,,,,,,1,,,,,,,,,,,,2,,,,,,,,,,,,,2,1,2,,,,,,,,,,,,,,,,,,,,,,,,,2,,,,,,,,,,,,,,,1,,,,,,,,,1,,,,,,1,,,,,,,,,1,,,1,2,,,,1,
55,,,,,,,,2,,,,,,2,,,,,,,,,,1,,,,,,1,,,,,,,1,,,,,,,,1,,,1,1,,,,,,,,1,,,,,,,2,,,,,,,,,2,,,,1,,2,,,,,,,2,,,,,,,,,,,,,,,,,2,,,,,,,,,,,,,,,,,,,,,,,,,,,,,,,,,,1,,,,,,,,,,,,1,1,,,,,,1,,,,,,,,,,,,,,,,,,,1,,,1,,,,,,,,,1,,,,,1,,,,,,,,,1,,,,1,,,3,,,,,,,,1,,,,1,,,,,
56,,,,,,,,,,,,,,1,,,,,,,,,,,,,,,,1,,,,,,,1,,,,,,,,,,,1,1,,,3,,,,,,,,,,,,,,,,,,,,,5,,,,1,,2,,,,,,,1,,1,1,,,,,,,,,,,,,,,,,,,,,,,1,,,,,,,,,,,,,,,,,,,,,,,,,,,,,,,,,,,,,,,,1,,,,2,,1,,,,,,,,,,,,,,,,,2,,,,,,,,,,,,1,,,,,,,,,1,,,,,1,,,,1,,2,,,,,,,,,,,,1,3,,,,,
58,,,,,,,,1,,,,,,1,,,,,,,,,,,,,,1,,,1,1,,,,,1,,,,2,,,,,,1,,1,,,,,,,,1,,,,,,,,,,,,,,,,4,,,,1,,3,,,,,,,2,,,,2,,,,1,,,,,,,#VALUE!,,,,,,,,,,,1,,,,,,,,,,,,,,,,,,,,,,,,,,,,,,,,,,,,,1,4,,,,,,3,,1,,,,,,,,,,,,,,,,,1,,,2,,,,,,,,1,1,,,,,,,,1,2,,,,,1,,,,1,,1,,,,,,,,,3,,,2,12,,,,,
59,,,,,2,,,,,,,,,2,,,,,,,,,,,,,,1,,,2,2,,,,,1,,,,2,,,,1,,1,1,,,,,1,,1,,1,,,,,,,1,,,,,,,,,2,,,,2,,2,,,,,,,1,,,1,,,,,,,,,,,1,1,,,,,,,,,,1,,1,,,,,,,,,,,,,,1,,,,,,,,,1,,,,,,,,,,,,,,2,,2,,,,,,1,,,,1,,,,,,,,,,1,,,1,,,1,,,,,,,,,1,,,,,,,,,,,,,,1,,,,1,,1,,,,,,1,,,2,,,,1,,,,,
60,,,,,,,,,,,,,,1,,,,,,,,,,,,,,1,,,,1,,1,1,,3,,,,2,,,,2,,,,,,,3,,,1,,2,,,,,,,,,,,,5,,,,2,,,,,,2,,,,,,,1,,,,2,,,1,1,,,,,,,,,,,,,,,,,,1,1,,,,,,,,,,,,,,1,,,,,,,,,,,,,,,,,,,,,,2,2,,2,1,,,,,,,,,,,,,,,,,,,,,,1,,,,,,,,,,,,1,,,,,,,,1,1,,,,,,,,,,,1,,,,,,1,,,2,,,,3,,,,2,
61,,,,,,,,,,,,1,,2,,,,,,,,,,2,,,,,,,,1,,,2,,2,,,,2,,,,1,,,1,,,,,1,,,,4,,,,,,,,,,,,,,,,2,,,,,,4,,#VALUE!,,,,,2,,1,1,,,,1,,,,,,,1,,,,,,,,,,,,,,,,,,1,,,,,,,,,,,,,,,,,,,,,,1,,,,,,,,,1,1,,2,,,,,,2,,,,,,,,,,,,,,1,,,1,,2,,,,,,,,,,,,,,,,,,,2,,,,,2,,,,,,2,11,,,,,,,,3,,,,1,,,,2,
62,,,,,,,,,,,,,,,,,,,,,,,,,,,,1,,,,1,,,,,#VALUE!,,,,,,,,,,1,,,,,,,,1,,2,,,,,,,,,,,,,,1,,2,,,,,,2,,,,,,,2,,,,,,,,1,,,,,,,1,,1,,,,,,,,,,,,,,,,,,,,,,1,,,,,,,,,,,,,,,,,,,,,,,,1,1,,,,,,,,2,,2,,,,,,,,,,,,2,,,2,,,1,,,,,,,,,,,,,,,,,,2,,,,,,,,,2,,1,,,,,,,,,1,,,1,2,,,,,
63,,,,,,,,,,,,,,1,,,,,,,,,,,,,,,,,,1,,,,,1,,,,,,,,,,,,,,,,,1,1,,1,,,,,,,,,,,,,,,,1,,,,1,,2,,,,,,,3,,,,,,,,2,,,,,,,1,,,,,,,,,,,1,,,,,,,,,,,,,1,,,,,,,,,,,,,,,1,,,,,,,,,,1,,2,,,,,,,,,,,,,,,,,,,,1,,,1,,2,,,,,,,,,,,,,,,,,,,,,,,,,,,,1,,2,,,,,,,,,,,,2,,,,,,
64,,,,,,,,,,,,,,1,,,,,,,,,,,,,,,,1,,1,,,,,1,,,,,,,,1,,,,1,,,2,,,,,1,,,,,,,,,,,,,,,,2,,,,1,,2,,,,,,,1,,,1,1,,,3,1,,,,,,,2,,,,,,,,,,,1,,,,,,,,,,,,,,,,,,,,,,,,,,,,,,,,,,,,,1,2,,2,,,1,1,,,,1,,,,,,,,,,,,,,,2,,1,1,,,,,,,,,,,,,,,,,,1,,,,,,,,,1,,2,,,,,,,,,,,,,,,,,,
65,,,,,,,,,,,,,,1,,,,,,,,,,,,,,1,,,,1,,,2,,1,,,,,,,,,,2,,3,,,,,1,,,2,,,,,,,,,,,,,,,,3,,,,3,,2,,,,,,,2,,,,,,,,1,,,,,,1,2,,,,,,,,,,,1,,,,,,,,,,,,,1,,,,,,,,,,,,,,,,,,,,,,,,1,,,1,,,,,,1,,,,,,,,,,,,,,1,,,1,,,,,,,,,,,,,,,,,,,,,,,,,,,,,,2,,1,,,,,,,,,1,,,,,,,,,
66,,,,,2,,,,,,,,,1,,,,,,,,,,,,,,1,,,1,1,,,1,,1,,,,,,,,1,,,,,,,,1,,,,1,,,,,,,,,,,,,,,,3,,,,1,,3,,,,,,,3,,1,1,2,,,,1,,,,,,,1,,,,,,,,,,,,,,,,,,,,,,,,1,,,,,,,,,,,,,,,1,,,,,,,,,,1,,,,,,1,,1,,1,,,,,,,,,,,,1,,,1,,3,1,,,,,,,1,,1,,,,,,,,2,,,,,,,,,,3,,1,,,,,,,,,1,,,,1,,,,,
67,,,,,,,,,,,,,,2,,,,,,,,,,,,1,,,,,,1,,,,,1,,,,2,,,,,,1,,2,,,,,,1,,1,,,,,,,1,,,,,,,,,2,,,,2,,2,,,,,,,2,,,1,1,,,,1,,,,,,,1,,,,,,,,,,,,,,,,,,,,,,,,,,,,,1,,,,,,,,,,1,,,,,,,,,,3,,,,,,1,,,,,,,,,,,,,,,,,,,1,,2,,,,,,,,1,,1,,,,,,,,,,,,,,,,,,1,,1,,,,,,,,,1,,,,3,,,,,
68,,,,,,,,,,,,,,2,,,,,,,,,,,,,,,,,,,,2,,,2,,,,2,,,,,,,,,,,,,,,,1,,,,,,,,,,,,,,,,2,,,,2,,4,,,,,,,2,,,1,,,,,1,,,,,,,2,,,,,,,,,,,1,,,,,,,,,,,,,,,,,,,,,,,,,,,,,,,,,,,,,,,,,,,,,,1,,1,,,,,,,,,,,,,,,1,,1,,,,,,,,,,,,,,,,,,1,2,,,,,,,,,1,,1,,,,,,,,,,,,1,,,,,,
69,,,,,,,,,,,,,,2,,,,,,,,,,,,,,,,,,,,2,,,1,,,,2,,,,,,1,,,,,,,,1,,2,,,,,1,,2,,,,,,,,,3,,,,1,,2,,,,,,,1,,,1,,,,,1,,,,,,,1,,,,,,,,,,,1,,,,,,,,,,,,,,,,,,,,,,,,,,,,,,,,,,,,,,,,,,,,,,1,,,,,,,,,,,,,,,,,1,,,,,,,,,,,1,,,,,,,,1,1,2,,,,,,,,,2,,2,,,,,,1,,,1,,,,3,,,,,
70,,,,,,,,,,,,,,1,,,,,,,,,,,,,,,,,,1,,,1,,,,,,1,,,,,,,,,,,,,,,,1,,,,,,,1,,,,,,,,,2,,,,1,,3,,,,,,,,,,,,,,,1,,,,,,,,,,,,,,,,,,,,,,,,,,,,,,,,,,,,,,,,,,,,,,1,,,,,,,,,,2,,,,,,,,,,1,,,,,,,,,,,,,,,1,,,,,,,,,,,,,,,,,,,,,2,,,,,1,,,,1,,1,,,,,,,,,1,,,1,1,,,,,
75,,,,,2,,,,,,,,,,,,,,,,,,,,,,,,,,,,,,1,,2,,,,1,,,,1,,,1,1,,,1,1,,1,,1,,,,,,,,,,,,,,,,2,,,,,,1,,1,,,,,2,,1,,,,,,,,3,,,,,,,,,,,,,,,,1,,,,,,,,,,,,,,,,,,,,,,,,,,,,1,,,,,,,,,,7,1,,,,,,,,,1,,,,,,,,,,,,,,,,,2,,,1,,,,,,,,,,,,,,,,,,,,,1,,,,,,2,,,,,,,,,,,,,,,,,,
76,1,,,,,,,,,,,,,,,,,,,,,3,,24,,,,,,,,,,,1,,1,,,,1,,,,,,,1,,,,2,,,,,1,,,,,,,,,,,,,,,,2,,,,,,,,,,,,,2,,,1,,,,7,,,,,,,,,,,,,,,,,,,,,,,,,2,,,,,,,2,,,,,,,,,,,,,,,,,,,,,,,,,4,1,,,,,,,,,,,,,,,,,,,,,2,,,1,,2,,,,,,,,,,,,,,,,,,,,,,,,,,,,,,1,,,,,,,,,2,,,,,,,,,
77,1,,,,,,,,,,,,,,,,,,,,,,,1,,,,,,,,,,,1,,,,,,1,,,,1,,,1,1,,,,,,,,1,,,,,,,3,,,,,,,,,2,,,,,,1,,2,,,,,2,,1,1,,,,6,,,,,,,1,,,,,,,,,,,,,,,,,,,,,,,,,,,1,,,,,,,,,,,,,1,,,,,,,,,,3,2,,,,,,,,,,,,,,,,,,1,,,,,,,,2,,,1,,,,,2,1,,,,,,2,,,,,,,,,,,,,,,2,3,,,,,,,,,,,,2,,,,2,
78,1,,,,,,,,,,,,,,,,,,,,,,,10,,,,1,,,,,,,3,,,,,,2,,,,1,,,,,,,2,,,,,2,,,,,,,,,,,,,,,,2,,2,,,,,,3,,,,,4,,1,,,,,,,,,,,,,,,,,,,,,,,,,,,,,,,,1,,,,,,,,,,,,,,,,,,,,,,,,,,,,,,4,3,2,,,,,,,,1,,,,,,,,,2,,,1,,,,,,,,,,,,,,,,,,,,,,,,,,,,,1,,,,,,1,,,,,,,,,,,,,,,,1,2,
79,,,,,,,,,1,,,,,,,,,,,,,,,2,,,,1,,,,,1,,1,,,,,,2,,,,,,,,,,,1,,,,,1,,,,,,,,,,,,,,,,1,,,,,,,,,,,,,,,1,,,,,3,,,,,,,,1,,,,,,,,,,,1,,,,,,,,,,,,,2,,,,,,,,,,,,,,,,,,,,,,,,,5,1,2,,,,,,,,2,,,,,,,,1,,,,,,,,,4,,,,,,,,,,,,,,,,,,,,,,,,,,,,,,1,,,,,,,,,1,,2,,2,,,,1,
80,1,,,,,,,,,,,,,,,,,,,,,3,,,,,,,,,,,1,,1,,1,,,,3,,,,,,,,,,,2,1,,1,,1,,,,,,,,,,,,,,,,2,,1,,,,,,,,,,,1,,1,,,,,,,,3,,,,,1,,,,,,,,,,,,,,,,,,,,,,,,2,,,,,,,,,,,,,,,1,,,,,,,,,,8,2,,,,,,,,,1,,,,,,,,,1,,,,,,,,4,,,,,,,,,,,,,,,,,,,,,,,,2,,,,,,1,,,,,,,,,1,,,,2,,,,1,
81,,,,,,,,,,,,,,,,,,,,,,,,6,,,,,,,,,,,1,,,,,,2,,,,,,,,,,,1,,,,,1,,,,,,,,,,,,,,,,1,,2,,,,1,,,,,,,2,,,,,,,3,,,,,,,1,,,,,,,,,,,,,,,,,,,,,,,,,,,,,,,,,,,,,,,,,,,,,,,,,,4,2,2,,,,,,,,,,,,,,,,,,,,,,,1,,2,1,,,,,,,,1,,,,,,,,,,,,,,,,,,7,,,,,,,,,,,,1,,,,,,,,1,
82,1,,,,1,,,,,,,,,,,,,,,,,,,9,,,,,,,,,,,1,,#VALUE!,,,,2,,,,2,,,1,,,,2,1,,,,,,,,,,,,,,1,,,,,,2,,,,,,1,,1,,,,,3,,1,,,,,2,,,,,,,,,,,,,,,,,,,,,,,,,1,,,,,,,1,,,,,,,,,,,,,,,,,,,,,,,,1,2,2,,,,,,,,,,,,,,,,,,,,,1,,,2,,,,,,,,,,,,,,,,,,,,,,,,,,,,,,,,2,,,,,,,,,1,,,1,2,,,,,
83,,,,,,,,,,,,1,,,,,,,,,,3,,3,,,,,,,1,1,,,1,,2,,,,1,,,,,,,,,,,1,1,,,,1,,,,,,,,,,,,,,,,3,,2,,2,,2,,,,,,,1,,,,,,,,,,,,,,1,,,,,,,,,,,,,,,,,,,,,,,,,1,,,,,,,,,,,,,,,1,,,,,,,,,,2,1,2,,1,,,,,,2,,,,,,,,,,,,,,,1,,2,2,,,,,,,,2,,,,,,,,,,,,,,,1,,,,,,2,,,,,,,,,1,,,,3,,,,1,
84,1,,,,,,,,,,,,,,,,,,,,,,,1,,,,,,,,,,,1,,1,,,,1,,,,,,,,,,,1,,,,,1,,,,,,,1,,,,,,,,,,,,,,,1,,,,,,,2,,,,,,,,1,,,,,,,2,,,,,,,,,,,,,,,,,1,,,,,,,,,,,,,,,,,,,,,,,,,1,,,,,1,,3,1,,,,1,,,,,,,,,,,,,,,,,,,,2,,,,,1,,,,,1,,,,,,,1,,,,,,,,,,,,,1,,2,,,,,,,,,1,,,,,,,,,
85,1,,,,,,,,,,,,,,,,,,,,,3,,1,,,,1,,,,1,,,1,,1,,,,,,,,,,,2,,,,1,,,1,,1,,,,,,,1,,,,,,,,,2,,,,1,,2,,,,,,,3,,1,,,,,,,,,,,,,1,,,,,,,,,,,,,,,,,,,,,,,,1,,,,,,,,,,,,,,,,,,2,,,,,1,,3,1,,,,,,,,,1,,,,,,,,1,,,,,,,,,,,,,,,,,,,,,,,,,,,,,,,,,1,,,,1,,2,,,,,,,,,,,,,,,,,,
86,1,,,,,,,,,,,,,,,,,,,,,,,1,,,,2,,,,1,,,1,,1,,,,2,,,,1,,,1,,,,7,,,,,1,,,,,,,2,,,,,,,,,2,,1,,2,,,,,,,,,1,,2,,,,,,,,,,,,,,,,,,,,,,,,,,,,,,,,,,,,,1,,,,,,,,,,,,,,,,,,,,,,,,,3,1,2,,,,,,,,,,,,,,,,,,,,,,,1,,2,,,,,,,,1,,,,,,,,,,,,,,,,1,,,,1,,2,,,,,,,,,,,,,,,,,,
87,,,,,,,,,,,,1,,,,,,,,,,,,1,,,,,,,,,,,1,,1,,,,,,,,1,,,,,,,3,,,,,1,,,,,,,,,,,,,,,,3,,,,,,,,2,,,,,2,,,,,,,,1,,1,,,,,,,,,,,,,2,,,,,,,,,,,,,,,,1,,,,,,,,,,,,,,,,,,,,,,,1,,2,2,,,,,,,,,3,,,,,,,,,,,,,,,1,,,,,,,,,,,,,,,,,,,,,,,,,,,,,,1,,2,,,,,,,,,1,,,,,,,,,
88,1,,,,,,,,,,,,,,,,,,,,,,,,,,,,,,,,,,1,,,,,,1,,,,,,1,,,,,,,,,,1,,,,,,,,,,,,,,,,2,,1,,,,,,,,,,,1,,2,,,,,,,,,,,,,1,,,,,,,,,,,,,,,,,,,,,,,,2,,,,,,,,,,,,,,,,,,,,,,,,,2,1,2,,,,,,1,,,,,,,,,,1,,,,1,,,,,2,,,,,,,,,,,,,,,1,,,1,,,,,,,,,,1,,1,3,,,,,,,,,,,,2,,,,,
89,,,,,,,,,,,,,,,,,,,,,,,,,,,,1,,,1,1,,,1,,2,,,,1,,,,,,,1,,,,3,2,,1,,2,,,,,,,1,,,,,,,,,2,,,,,,1,,1,,,,,5,,1,1,,,,,,,,,,,,1,,,,,,,,,,,,,,,,,,,,,,,,2,,,,,,,,,,,,,,,,,,,,,,,,,3,1,2,,,,,,,,2,,,,,,,,,,,,,,,,,2,,,,,,,,,1,1,,,,,,,,,,,,,,1,,,,1,,2,,,,,,1,,,,,,1,2,,,,,
90,,,,,,,,,,,,,,,,,,,,1,,,,1,,1,,,,,,1,,,1,,2,,,,3,,,,1,,,1,,,,1,,,,,1,,,,,,,,,,,,,,,,#VALUE!,,1,,,,2,,3,,,,,1,,1,1,,,,,,,,,,,,,,,,,,,,,,,,1,,,,,,,,,,,,1,,,,,,,,,,,,,,,1,,,,,,1,,,,2,1,,,,,,,,,3,,,,,,,,,,,,1,,,,,,1,,,,,,,,,,,,,,,,,,,,,,,,,,,2,,1,,,,,,1,,,1,,,,1,,,,,
91,2,,,,,,,,,,,,,,,,,,,,,,,,,,,,,,,,,,,,,,,,,,,,,,,1,,,,2,,,,,2,,,,,,,,,,,,,,,,1,,,,,,2,,,,,,,2,,1,,,,,,,,,,,,,,,,,,2,,,,,,,,,,,,,,,,,,,1,,,,,,,,,,,,,,,,,,,,,,,,,3,,,,,,,,,,,,,,,,,,1,2,,,,,,1,,2,,,,,,,2,,,,,,,,,,,,,,,,,1,,,5,,,2,5,,,,,1,,,2,,,,,,,,,
92,1,,,,,,,,,,,,,,,,,,,,,,,,,,,,,,,,,1,1,,,,,,2,,,,1,,,,,,,,,,,,2,,,,,,,,,,1,,,,,,2,,,,,,1,,1,,,,,1,,1,1,,,,,,,,,,,1,,,,,,,,,,,,,,,,,,,,,,,,,1,,,,,,,,,,,,,,,,,,,,,,,,,3,1,,,,,,,,,1,,,,,,,,,1,,,,,,1,,2,,,2,,,,,,,,,,,,,,,,,,,,,,,,,,,1,,,,,,,,,1,,,,,,,,1,
93,,,,,,,,,,,,,,,,,,,,,,,,2,,,,,,1,,,,,1,,,,,,2,,,,1,,1,,,,,,,,1,,2,,,,,,,,,,,,,,,,2,,,,,,1,,,,,,,,,,,2,,,,,,,,,,,1,,,,,,,,,,,1,,,,,,,,,,,,,1,,,,,,,,,,,,,,,,,,,,,,,,,3,1,,,,,,,,,1,,,,,,,,,,,,4,,,1,,,2,,,,,,,,1,,,,,,,,,,1,,,,,,,,,3,,3,,,,,,,,,,,,,1,,,,,
94,,,,,,,,,,,,,,1,,,,,,,,,,,,,,,,,,1,,,,,2,,,,2,,,,,,,1,1,,,,,,,,1,,,,,,,,,,,,,,,,3,,,,2,,1,,,,,,,3,,1,,1,,,,1,,,,,,,1,,,,,,,,,,,,,,,,,,,,,,,,1,,,,,,,,,,,,,,,1,,,,,,,,,,2,,,,,,,,,,1,,,,,,,1,,,,,1,,,1,,2,2,,,,,,,,,,,,,,,,,,1,,,,,,,,,1,,2,,,,,,,,,,,,,,,,,,
95,,,,,,,,,,,,,,1,,,,,,,,,,,,,,,,1,,,,,,,1,,,,,,,,1,,1,,,,,,,,,,1,,,,,,,,,,,,,,,,3,,,,1,,2,,,,,,,2,,,,2,,,,,,,,,,,,,,,,,,,,,,,,,,,,,,,,,,,1,,,,,,,,,,,,,,,1,,,,,,,,,,1,,,,,,,,,,,,,,,,,2,,,,,1,,,1,,3,1,,,,,,,,,,,,,,,,,1,3,,,,,,,,,2,,3,,,,,,,,,,,,1,3,1,,,,
96,1,,,,,,,,,,,,,1,,,,,,,,,,,,,,,,,1,1,,2,,,1,,,,,,,,,,,,,,,,,,1,,2,,,,,,,,,,,2,,,,,2,,,,2,,2,,,,,,,2,,,2,2,,,,1,,,,,,,,,,,,,,,,,,,,,,,,,,,,,,,,,,,,,,,,,,,,,,1,,,,,,,,,,,2,,,,,1,,1,,,,,,,,,,,,,,1,,,2,,2,3,,,,,2,,,1,1,,,,,,,,,,,,,,,,,,1,,2,,,,,,1,,,2,,,,,,,,,
97,,,,,,,,,,,,,,,,,,,,,,,,,,,,,,,,,,,,,1,,,,2,,,,1,,,,,,,,,,1,,3,,,,,,,,,,,,,,,,2,,,,1,,1,,,,,,,4,,,,2,,,,2,,,,,,,,,,,,,,,,,,,,,,,,,,,,,,,1,,,,,,,,,,,,,,,1,,,,,,,,1,,1,1,,,,,,,,,,1,,,,,,1,,,,,2,,,2,,1,2,,,,,,,,1,1,,,,,,,,1,2,,,,,,,,,2,,2,,,,,,1,,,1,,,1,3,,,,,
98,,,,,,,,,,,,,,1,,,,,,,,,,1,,,,,,,1,,,,,,,,,,,,,,,,2,1,,,,,,,,,,,,,,,,,,,,,,,,,4,,,,2,,1,,,,,,,1,,1,1,4,,,,2,,,,,,,,,,,,,,,,,1,1,,,,,,,,,,,,,,,,,,,,,,,,,,,,,,,,,,,,,1,,,,,,,,,1,,,,,,,,,,,,,,2,,,1,,,1,,,,,,,,,1,,,,,,,,,2,,,,,,,,,2,,2,,,,,,1,,,,,,1,1,1,,,,
99,,,,,,,,,,,,,,1,,,,,,,,,,,,,,,,,,2,,2,,,,,,,2,,,,,,2,,,,,,,,,,2,,,,,,,,,,,,,,,,3,,,,1,,,,,,,,,1,,,1,,,,,1,,,,,,,,,,,,,,,,,,1,,,,,,,,,,,,,,,,,,,,,,,,,,,,,,,,,,,,,1,,,,,,,,,,,,,,,,,,1,,,,,,,,2,,,2,,,,,,,,2,,,,,,,,,,2,,,,,,,,,1,1,2,,,,,,,,,2,,,2,,,,,,
100,,,,,2,,,,,1,,,,2,,,,,,,,,,1,,,,,,,,1,,,,,,,,,,,,,1,,1,,,,,,,,,,2,,,,,,,,,,,,,,,,2,,,,3,,2,,,,,,,,,1,,,,,,,,,,,,,,,1,,,,,,,,,,,,,,,,,,,,,,1,,,,,,,,,,,,,,,,,,,,,,,,1,3,2,,,,,,,,,,,,,,,,,,,,,,,,1,,,1,,,,,,,,,,3,,,,,,,1,,,,,,,,,,2,,1,,,,,,,,,1,,,1,1,1,,,,
102,,,,,,,,,,,,,,1,,,,,,,,,,,,,,1,,1,1,1,,,,,1,,,,,,,,,,1,,,,,,,,1,,1,,,,,,,,,,,,,,,,3,,,,1,,2,,,,,,,2,,1,,2,,,,1,,,,,,,,,,,,,,,1,,,,,,,,,,,,,,,,,,,,,,,,,,,,,,,1,,,,,,,,2,,,,,,,,,,,,,,,,,,,,,,,,1,,,1,,2,2,,,,,,,,,1,,,,,,,,,2,,,,,,,,,2,,1,,,,,,,,,,,,1,1,,,,,
103,,,,,,,,,,,,1,,,,,,,,,,,,1,,,,1,,2,,1,,,,,1,,,,2,,,,1,,,,,,,,,,,,2,,,,,,,,,,,,,,,,3,,,,1,,2,,,,,,,3,,,,2,,,,2,,,,,,,1,,,,,,,,,,,,1,,,,,,,,,,,,2,,,,,,,,,,,,,,,1,,,,,,,,,,2,,,,,1,2,,1,,,,,,,,,,,,,,,,,1,,2,3,,,,,,,,1,1,,,,,,,,,,,,,,,,,,1,,3,,,,,,,,,,,,,3,,,,,
104,1,,,,,,,,,,,,,1,,,,,,,,,,2,,,1,,,2,,,,2,,,,,,,,,,,1,,,,,,,,,,,,1,,,,,,,,,,,,,,,,4,,,,1,,1,,,,,,,5,,,1,1,,,,#VALUE!,,,,,,1,,,,,,,,,,,,,,,,,,,,,,,,,,,,,,,,,,,,,,1,,1,,,,,,,,,,,,,,,1,,,1,,2,,,,,,,2,,,,,,,,2,,,1,,,,,,,,,,,,,,,,,,4,,,,,,,,,2,,1,,,,,,,,,,,,1,,1,,,,
105,1,,,,,,,,,,,,,1,,,,,,,,,,,,,,,,2,,1,,,,,1,,,,,,,,,,,,,,,,,,1,,1,,,,,,,,,,,,,,,,3,,,,2,,2,,,,,,,2,,,1,2,,,,2,,,,,,1,,,,,,,,,,,,,,,,,,,,,,,,,,,,,,,,,,,,,,,,1,,,,,,,,,,2,,,,,,,,,,,,,,,,,,,,,,1,,,2,,2,2,,,,,,,,1,1,,,,,,,,,2,,,,,,,,,4,,#VALUE!,,,,,,,,,1,,,2,2,,,,,
106,1,,,,,,,,,,,,,,,,,,,,,,,,,,,,,1,,,,,,,1,,,,,,,,1,,,,,,,,,,,,1,,,,,,,,,,,,,,,,2,,,,1,,1,,,,,,,,,,1,2,,,,1,,,,,,,,,,,1,,,,,,,,,,,,,,,,,,,,,,,,,,,,,,,,,,,1,,,,,,,,,,,,,,,,,,1,,,,,,,,,1,,,,,1,,,#VALUE!,,,3,,,,,,,,,,,,,,,,,,2,,,,,,,,,1,,2,,,,,,,,,1,,,1,2,1,,,,
107,1,,,,,,,,,,,,,2,,,,,,,,,,,,,,,,,,,,2,,,,,,,1,,,,1,,,,,,,,,,1,,1,,,,,,,1,,,,,,,,,1,,,,1,,,,,,,,,3,,,,,,,,1,,,,,,1,,,,,,,,,,,,,,,,,,,,,,,,,1,,,,,,,,,,,,,,,1,,,,,,,,,,,,,,,,,,2,,,,,,,,,,,,,,,,,2,,,2,,,,,,,2,,2,,,,,,,,,2,,,,,,,,,3,,2,,,,,,,,,,,,1,2,,,,,
108,,,,,,,,,,,,,,,,,,,,,,,,,1,,,,,,,2,,,,,,,,,,,,,1,,,,,,,,,,,,1,,,,,,,,,,,,,,,,3,,,,1,,1,,,,,,,2,,,,2,,,,1,,,,,,,,,,,,,,,,,,,,,,,,,,,,,,,1,,,,,,,,,,,,,,,,,,,,,,,,,,,,,,,,,,,,,,,,,,,,,,,,,,1,,1,2,,,,,,,,,1,,,,,,,,1,2,,,,,,,,,1,,5,,,,,,1,,,,,,,1,1,,,,
109,1,,,,,,,,,,,,,1,,,,,,,,,,1,,,,1,,,1,1,,2,,,,,,,,,,,1,,3,,,,,,,,,,1,,,,,,,1,,,,,,,,,4,,,,1,,2,,,,,,,3,,,1,,,,,,,,,,,,,,,,,,,,,,,,,,,,,,,,,,,,1,,,,,1,,,,,,,,,,1,,,,,,,,,1,3,,,,,,1,,1,,,,,,,,,,,,,,1,,,#VALUE!,,,2,,,,,,,,2,,,,,,,,,,,,,,,,,,,1,,1,,,,,,,,,1,,,,3,,,,,
110,,,,,1,,,,,,,,,1,,,,,,,,,,,,,,,,,,,,,,,,,,,,,,,,,1,,,,,1,,,1,,2,,,,,,,1,,,,,,,,,1,,,,1,,2,,,,,,,2,,,1,2,,,,1,,,,,,,,,,,,,,,,,,,,,,,,,,,,,,,1,,,,,,,,,,,,,,,1,,,,,,,,,,,,,,,,,,1,,,,,,,,,,,,,,,,,3,,,2,,,,,,,,,,,,,,,,,,2,,,,,,,,,2,,1,,,,,,,,,,,,1,,,,,,
111,,,,,,,1,,,,,,,1,,,,,,,,,,,,,,,,,,1,,,,,1,,,,,,,,1,,,,,,,,,,#VALUE!,,2,,,,,,,,,,,,,,,,2,,,,1,,2,,,,,,,1,,,1,,,,,3,,,,,,,,,,,,,,,,,,,,,,,,,,,,,,,,,,,,,,,,,,,,,,,,,1,,,,,2,,,,,,,1,,,,,,,,,,,,1,,,,,,,,1,,,2,,,,,,,,1,,,,,,,,,2,3,,,,,,,,,1,,1,,,,,,,,,,,,1,,1,,,,
112,,,,1,,,,,,,,,,,,,,,,,,,,1,,,,,,,1,,,,2,,1,,,,2,,,,,,,1,,,,,,,,,1,,,,,,,,,,,,,,,,1,,,,,,2,,,,,,,2,,2,1,,,,,,,2,,,,,1,,,,,,,,,,,,,,,,,,,,,,,,2,,,,,,,,,,,,,,,,,,,,,,,,,3,1,1,,,,,,,,3,,,,,,,,,,,,,,,,,2,,,,,,,,,,,,,,,,,,,,,,,,,,,,1,,1,4,,,,,,,,,,,,1,,,,1,
113,,,,,,,,,,,,,,,,,,,,,,,,,,,,,,,2,,,,,,1,,,,,,,,1,,,,1,,,,1,,1,,1,,,,,,,,,,,,,,,,2,,,,1,,3,,1,,,,,2,,,1,,,,,,,,,,,,,,,,,,,,,,,,,,,,,,,,,,,,1,,,,,,,,,,,,,,,1,,,,,,,,,,2,,,,,,,,,,,,,,,,,,,,,,,,,2,,,1,,,,,,,,1,,,,,,,,,1,2,,,,,,,,1,,,1,,,,,,,,,,,,1,2,,,,,
114,,,,,,,,,,,,,,,,,,,,,,,,1,,,,1,,,2,,,,,,,,,,1,,,,1,,,1,1,,,,,,,,1,,,,,,,,,,1,,,,2,,2,,,,2,,2,,,,,,,2,,1,1,,,,,1,,,,,,,1,,,,,,,,,,,,,,,,,,,,,,,,2,,,,,,,,,,,,,,,,,,,,,,,1,1,2,2,,,,,,,,,,,,,,,,,,,,,,,,1,,2,1,,,,,,,,1,,,,,,,,,,1,,,,,,,,,2,,1,,,,,,,,,,,,,2,,,,,
115,1,,,,,,,,,,,,,,,,,,,,,,,2,,,,,,,,,,,,,,,,,2,,,2,1,,,1,,,,2,2,,,,2,,,,,,,,,,1,,,,,5,2,,,,,,1,,,,,,,1,,1,,,,,,,,,,,,,,,,,,,,2,,,,,,,,,,,,,,,,,2,,,,,,,,,,,,,,,1,,,,,,,,,,3,2,2,14,,,,,,,,,,,,,,,,2,,,,,,1,1,2,,1,2,,,,1,,1,2,3,,,,,,,,,,,,,,,,,1,,1,,,,,,,,,,,,,3,,,,,
116,,,,,,,,,,,,,,,,,,,,,,,,,,,,,,,,,,,,,,,,,,,,,,,,1,,,,,,,,,1,,,,,,,,,,,,,,,,3,,,,,,1,,,,,,,2,,1,,,,,,,,,,,,,,,,,,,,,,,1,,,,,,,,,,,,,,,,1,,,2,,,,,,,,,,1,,,,,,,,,,2,2,,,,,,,,,1,,,,,,,,,,,,2,,,1,,1,#VALUE!,,,,,,,,1,,,,,,,,,,,,,,,,,,,1,,1,,,,,,,,,,,,,,,,,3,
117,1,,,,,,,,,,,1,,,,,,,,,,,,1,,,,,,,,1,,2,1,,1,,,,,,,,,,,,,,,,1,,,,1,,,,,,,,,,1,,,,,,2,,,,,,2,,2,,,,,3,,2,,,,,,,,,,,,,,,,,,,,,,,,,1,,,,,,,,,,,,1,,,,,,,,,,,,,,,,,,4,,,,,1,,1,1,1,,,,,,,,,,,,,,,,,1,,,1,,,2,,3,2,,,,,,,,1,1,,,,,,,,,,,,,,,,,,,,1,,,,,,1,,,,,,,1,,,,,
118,2,,,,,,,,,,,1,,,,,,,,,,,,1,,,,,,,,1,,,,,,,,,1,,,,,,,1,,,,1,1,,,,1,,,,,,,1,,,1,,,,,5,3,,,,,,,,,,,,,3,,2,,,,,3,,2,,,,,,,,,,,,,,,,,,,,,,,,,,,,,,1,,,,,,,,,,,,,,,,,,18,,,,,,,3,2,,,,,,,,,,,,,,,,,2,2,,,,,,,,2,,,1,3,,,,,1,1,,,,,,,,,,,,,,,,,,1,,1,,,,,,,,,,,,,4,,,,,
119,2,,,,,,,,,,,1,,,,,,,,,,,,,,,,1,,,,1,,,,,,,,,,,,,1,,,1,,,,,2,,,,1,,,,,,,2,,,,,,,,,2,,,,1,,2,,,,,,,2,,,,2,,,3,,,,,,,,,,,,,,,,1,,,,,,,,,,,,,,,,,,,,,,,,,,,,,,,1,,,,,,,,,,3,2,,,,,,,,,2,,,,,,,2,,,,,,,,1,,,2,,,,,,,,,1,,,,,,,,,,,,,,,,,,2,,1,,,,1,,,,,,,,,,,,,,
120,,,,,,,,,,,,,,,,,,,,,,,,,,,,,,1,,,,,1,,2,,,,,,,,1,,,1,,,,,1,,,,1,,,,,,,,,,,,,,1,,2,,,,1,,1,,,,,,,,,,1,2,,,,1,,,,,,,,,,,,,,,1,,,,,,,,,,,,,,,,,,,,,,,,,,,,,,,1,,,,,,,,,,2,,,,,,,,,,2,,,,,,,1,,,,,,,,2,,,2,,,,,,,1,1,1,,,,,,,,,3,,,,,,,,,1,,1,,,,,,,,,,,,1,2,,,,,
121,,,,,1,,,,,,,,,,,,,,,,,,,2,,,,1,,,,1,,,,,2,,,,2,,,,1,,1,,2,,,,,,2,,1,,,,,,,,,2,,,,,,,3,,,,1,,2,,,,,,,1,,,,2,,,,1,,,,,,1,1,,,,,,,,,,,,,,,,,,,,,,,,,,,,,2,,,,,,,,,,1,,,,,,,,,,2,,,,,,,,,,,,,,,,,,,,,,,,,2,,,,,,,,,,1,,1,,,,,,,,1,,,,,,,,,,1,,1,2,,,,,,,,,,,1,2,,,,,
122,,,,,,,,,,,,,,,,,,,,,,,,1,,,,,,,,,,,,,2,,,,1,,,,1,,,1,2,,,,,,,,1,,,,,,,,,,,,,,,,2,,,,,,2,,1,,,,,3,,,1,,,,,,,,,,,1,1,,,,,,,,,,,,1,,,,,,,,,,,,1,,,,,,,,,,,,,,,,,,,,,,,,2,2,,3,,,,,,,,,,,,,,,,,,,,1,,,,,,,,,,,,,,,,,,,,1,,,,,,,,,,,,,1,,,,,,,,,,,,,,,1,,,,,
123,,,,,,,,,,,,,,,,,,,,,,,,1,,,,,,1,,,,,1,,1,,,,,,,,,,,,1,,,,,,,,,,,,,,,,,,,,,,2,,2,,,,1,,1,,,,,,,,,1,,,,,,,,,,,,,1,,,,,,,,,,,,,,,,,,,,,,,,,,,,,,,,,,,,,,,,,,,,,,,,2,2,,,,,,1,,,,,,,,,,,,,,,,,,,1,,,,,,,,,,,,,,,,,,,,,,,,,,,1,,,1,,1,3,,,,,,,,,,,1,,,,,,
124,,,,,,,,,,,,,,2,,,,,,,,,,,,,,,1,,,,,2,,,1,,,,,,,,,,,,1,,,1,,,,,1,,,,,,,,,,,,,,,,5,,,,1,,2,,,,,,,2,,,1,1,,1,,1,,,,,,,,,,,,,,,,,,,,,,,,,,,,,,,,,,,,1,,,,,,,,,,,,,,,,,,2,,,,,,,,,,,,,,,,,,,,,,,,1,,,1,,,,,,,,,,,,,,,,,,,,,,,,,,,,,,2,,,,,,,,,,,,,,,1,,,,,
125,,,,,1,,,,,,,,,1,,,,,,,,3,,4,,,,1,,,,,,,1,,3,,,,2,,,,,,1,,2,,,,,,1,,3,,,,,,,1,,,,,,,,,3,,,,,,1,,,,,,,,,,,4,,,,,,,,,,1,,,,,,,,,,,,,,,,,,,,,,,,,2,,,,,,,,,,,,,,,,,,,,,,,,2,3,1,,,,,,,,,,,,,,,,,,,,,,,,1,,,,,,,,,,3,,,,,,,,,,,,,,,,,,,,2,,1,,,,,1,,,,,,,,3,,,,1,
126,,,,,,,,1,,,,,,1,,,,,,,,,,,,,,1,,,,2,,2,1,,2,,,,1,,,,,,,,1,,,1,,,#VALUE!,,1,,,,,,,,,,,,,,,,4,,,,1,,2,,,,,,,1,,,1,2,,,3,1,,,,,,1,,,,,,,,,,,,,,,,,,,,,,,,,1,,,,,,,,,,,,,,,1,,,,,,,,1,,2,,,,,,,,1,,,,,,,,,,,,,,,,,1,,2,1,,,,,,,1,,,,,,,,,,,,,,,,2,,,,1,,,,,,,,,,,2,,,,5,,,,,
127,,,,,,,,1,,,,,,1,,,,,,,,4,,,,,,2,,,,2,,,1,,1,,,,2,,,,1,,2,,1,,,2,,,,,1,,,,,,,,,,,,,,,,3,,,,2,,2,,,,,,,1,,,,2,,,,,,,,,,1,1,,,,,,,,,,1,1,,,,,,,,,,,,,,,,,,2,,,,,,,,,,1,,,,,,,,,2,3,1,2,,,,,,1,,,,,,,,,,,,,,2,,,1,1,1,,,,,,,,,,1,,,,,2,,,1,,,,,,,,,,4,,1,2,,,,,,,,2,,,1,1,,,,,
128,,,,,,,,,,,,,,1,,,,,,,,,,2,,,,,,,,1,,,,,1,,,,,,,,1,,,,2,,,,,,2,,1,,,,,,,,,,,,,,,,3,,,,,,2,,,,,,,2,,,1,2,,,,1,,,,,,,,,,,,,,,,,,1,1,,,,,,,,,,1,,1,,,,,,,,,,,,,,,,,,,,,,,,1,2,1,,,,,,,1,,,,,,,,,,,,,,1,,,,1,2,1,,,,,,,,,1,,,,,2,,,,2,,,,,,,,,3,,#VALUE!,,,,,,,,,1,,,1,2,,,,,
129,,,,,,,,,,,,,,1,,,,,,,,,,3,,,,,,1,,1,,,1,,1,,,,1,,,,,,,,2,,,2,,2,,,3,,,,,,,1,,,,,,,,,6,,,,1,,2,,1,,,,,2,,,,,,,,,,,,,,,,,,,,,,,,,,,,,,,,,,,,,,,3,,,,,,,,,,,,,,,,1,,,,,,,,1,1,,,,,,,,,,,,,,,,,,,,,,1,,,,,2,,,,,,,,1,,,,,,,,,,,,,,,,,,,,1,,,,,,,,,,,,,,,1,,,,,
130,,,,,,,,,,,,,,,,,,,,,,1,,1,,,,,,1,,,,,,,1,,,,,,,,,,,,,,,,,,,,1,,,,,,,,,,,2,,,,2,2,,,,,,2,,,,,,,2,,,,4,,,,,,,,,,,,,,,,,,1,,,,,,,,,,,,,,,,,1,,,,,,,,,,,1,,,,1,,,3,,,,,,,3,,,,,,,,,,2,,,,,,,,,,,,1,,,2,,,2,,2,,,,,,,,,,,,,,,1,2,,,,,,,,,2,,1,,,,,,,,,,,,,3,1,,,,
131,,,,,,,,,,,,,,2,,,,,,,,,,,1,,,,,1,,,,2,,,1,,,,,,,,1,,,,,,,,,,,,,,,,,,,,,,,2,,,,,2,,,,2,,2,,,,,,,1,,,,4,,,,3,,,,,,,1,,,,2,,,,,,,,,,,,,,,,,,,,,,,,,,,,,,,,,,,2,,,,,,,,,,1,1,,,,,,,,,,2,,,,,,1,,,,,,,,2,,,2,,,,,,,,1,,,,,,,,,,2,,,,,,,,,1,,2,,,,,,2,,,,,,1,1,,,,,
132,,,,,1,,,,,,,,,,,,,,,,,,,1,,,,,,,1,,,,1,,,,,,,,,,,,,1,,,,,1,,,,,,,,,,,,,,,,,,,,3,,,,1,,2,,2,,,,,2,,,,4,,,,,,,,,,,,,,,,,,,,,,1,,,,,,,,,,,,,1,,,,,,,,,,,,,,,,,,,,,,,,,,2,,,,,,,,,1,1,,,,,,,,,,,,,,2,,1,2,,,,,,,3,,,,,,,,,,2,4,,,,,,,,,2,,2,,,,,,1,,,,,,1,,1,,,,
133,,,,,,,,,,,,,,,,,,,,,,,,1,,,,,,1,1,,,,,,,,,,,,,,1,,,,,,,,,,,,1,,,,,,,,,,,,,,,,3,,,,3,,1,,,,,,,1,,,,2,,,,,,,,,,,1,,,,,,,,,,,,,,,,,,,,,,,,,,,,,,,,,,,,,,,1,,,,,,,,,,2,,,,,,,,,,,1,,,,,,1,,,,,,,,2,,,2,,,,,,,,,,,,,,,,,1,2,,,,,1,,,,2,1,2,,,,,,,,,,,,,,1,,,,
134,,,,,2,,,,,,,,,,,,,,,,,,,,,,,,,1,1,1,,,,,1,,,,,,,,,,,,,,,,,,,,1,,,,,,,,,,,,,,,,3,,,,1,,2,,,,,,,5,,,1,4,,,,1,,,,,,,1,,,,,,,,,,,,,,,,,,,,,,,,1,,,,,,,,,,,,,,,,,,,,,,,,,,1,,,,1,,,,,,,,,,,,,,,,,,,,2,,,2,,,,,,,,1,,,,,,,,,1,4,,,,,1,,,,2,,3,,,,,,1,,,,,,,,1,,,,
135,1,,,,,,,,,,,,,,,,,,,,,3,,1,,,,,,1,,,,2,,,,,,,,,,,,,,,,,,,,,,,1,,,,,,,1,,,1,2,,,,,1,,,,2,,2,,,,,,,2,,,1,2,,,,1,,,,,,,1,,,,,,,,,,,,,,,,,,1,,,,,,1,,,,,1,,,,,,,,,,1,,,,,,,,,,1,,,,,,,,1,,12,,,,,,,1,,,,,,,,2,,,4,,,,,,,2,1,,,,,,,,,1,5,,,,,,,,,2,,2,,,,,,,,,,,,1,2,,,,,
136,,,,,,,,,,,,,,,,,,,,,,,,,,,,,,1,,1,,,,,,,,,,,,,,,,,,,,,,,,,1,,,,,,,,,,,,,,,,1,,,,1,,2,,,,,,,1,,,1,2,,,,1,,,,,,,,,,,,,,,,,,,,,,,,,,,,,,,1,,,,,,,,,,,,,,,1,,,,,,,,,,1,,,,,,,,1,,,,,,,,,,,,,,,,,2,,1,3,,,,,,,,1,,,,,,,,,,2,,,,,,,,,,,1,,,,,,,,,,,,1,2,1,,,,
137,1,,,,3,,,,,,,,,,,,,,,,,,,,#VALUE!,,,,,1,,,,,,,,,,,,,,,,,,,1,,,,,,,,2,,,,,,,,,,,,,,,,3,,,,1,,2,,,,,,,,,,,2,,,,,,,,,,,,,,,,,,,,,1,,,,,,,,,,,,,,#VALUE!,,,,,,,,,,,,,,,1,,,,,2,,,,1,,,,,,,,,1,,,,,,,,,,,,,,,,,2,,,2,,,,,,,,,,,,,,,,,1,2,,,,,,,,,1,,4,,,,,,1,,,,,,,3,1,,,,
138,,,,,,,,,,,,,2,,,,,,,,,,,,,,,,,,,,,,,,,,,,1,,,,1,,,,,,,,,,,,,,,,,,,,,,,,,,,,3,,,,1,,2,,1,,,,,,,,,2,,,,1,,,,,,,,,,,1,,,,,,,,,,,,,,,,,,2,,,,,,,,,,,,,,,,,1,,,,,,,,,,,,,,,,,,,,9,,,,,,,,,,,,,,,2,,,4,,,,,,,,1,,,,,,,,,,1,,,,,,,,,1,,2,,,,,,,,,,,,,1,,,,,
139,,,,,,,,,,,,,,,,,,,,,,,,,,,,,,1,,1,,2,1,,,,,,1,,,,,,,,1,,,,,3,,,,,,,,,,,,,1,,,1,,,3,,1,,,,1,,,,,,,,,,,1,,,,,,,,,,,,,,,,,,,,,,1,1,,,,,5,,,,,,,1,,,,,,,,,,,2,1,,,,,,,,,,,,,3,,,,,,,,,1,2,,,,,,,,1,,,,1,,,,,,,1,,,,,,1,1,,,,,,,,,1,,,,,,,,,,,2,,,,,,4,,,,,,,,3,,,1,1,1
140,,,,,,,,,,,,,,,,,,,,,,3,,4,,,,,,,1,,,2,1,,,,,,,,,,,,,,1,,,,,2,,,,,,,,,,,,,2,,,1,,,5,,1,,,,1,,1,,,,,,,,,,,,,,,,,,,,,,,,,,,1,,,,1,1,,,,,,,,,,,,,,,,,,,,,,,,,,,,,,,,,,,,,3,1,,,,,,,1,1,1,,,,,,,,1,,,,,,,,,,,1,1,4,,,,3,,,,,,,,,,1,,,,,,1,,,,,1,,,,,1,1,,,,,,,,5,,,1,,
141,,,,,,,,,,,,,,,,,,,,,,,,1,,,,,,,,,,,1,,,,,,1,,,,,,,,2,,,,,,,,,,,,,,,,2,,2,,,1,,,2,,1,,,,,,2,,,,,,,,,,,,,,,,,,,,,,,,,,,,,,,,,,,,,,,,,,,,,,,,,,,,,,,,,,,,,,,,,2,,,,,,,,,,,,1,2,,,,,,,,,1,,,,3,,,,,,,,3,,11,,,,,,,,,,,,,1,,,,,,,,,,1,,,,,,,22,,,,,,,,1,,,,,1
143,,,,,,,,,,,,,,,,,,,,,,,,4,,,,,,,,,,1,1,,,,,,,,,,,,,,1,,,,,,,,,,,,,,,,,,2,,,2,,,1,,,,,,,,5,,11,,,,,,,,,,,,,,,,,,,,,,,,,,,,,,,,,,,,,,,,,,,,,,,,1,,,,,,,,,,,,,,,,,,,2,,,,,,,,,2,,,,,,,,,2,,,,,,,,,,,,,,7,,,,,,,,,,1,,,1,,,,,,,,,,,,,,,,,6,,,,,,,,1,,,1,,1
144,,,,,,,,,,,,,,,,,,,,,,,,2,,,,,,,,,,,,,,,,,,,,,,,,,1,,,,,,,,,,,,,,,,,,2,,,1,,,2,,2,,,,,,,,,,,,,,,,,,,,,,,,,,,,,,,,,,,,,,,,,,,,,,,,,,,,,,,2,,,,,,,,,,,,,,,,,,,,1,,,,,,,,5,1,,,,,,,,,2,,,,,,,,,,,,,,9,,,,,,,,,,,,,1,,,,,,,,,,,,,,,,,#VALUE!,,,,,,,,#VALUE!,,,3,,1
145,,,,,,,,,,,,,,,,,,,,,,,,,,,,,,,,,,,1,,,,,,,,,,,,,,2,,,,,,,,,,,,,,,,,,1,,,#VALUE!,,,3,,,,,,1,,1,,2,,,,,,,,,,,,,,,,,,,,,,,,,,,,,,1,,,,,2,,,,,,,,,,,,,,,,,,,,,,,,,,,,,,,,2,1,,2,,,,,1,,,,,,,,,,2,,,,,,,,,,,1,,,,,,,,,,,,,,,,1,,,,,,,,,,1,,,,,,,4,,,,,,,,2,,,1,,2
146,,,,,,,,,,,,,,,,,,,,,,,,,,,,,,,,,,,1,,,,,,,,,,,,,1,,,,,1,,,,,,,,,,,,,,,,,,1,,2,,1,,,,,,,,,,,,,,,,,,,,,,,,,,,,,,,,,2,,,,,1,,,,,,,,,,,,,,,,,,,,,,,,2,,,,,,,,,,,,,,,,,,,,,1,,1,,,,,,,,1,,,,,,,,,,1,3,,,,,,,2,,,,,,,,,1,,,,,,,,,,,,,,,,,5,,,,,,,,3,,,2,,1
147,,,,,,,,,,,,,,,,,,,,,,2,,2,,,,,,,,,,,1,,,,,,2,,,,,,,,2,,,4,1,,,,,,,,,,,,,,2,,,1,,,3,,,,,,,,2,,,,,,,,,,,,,,,,,,,,,,,,,,,,,,,,1,,,,,,,,,,,,,,,,,,,,,,,,1,,,,,,,,,,,,,1,,,1,,,,,1,2,1,,,,,,,,2,,,,,,,,,,1,1,1,,,,,1,3,,,,,,,,,1,,,,,,,,,,,,1,,,,,109,,,,,,,,2,,,2,,1
148,,,,,,,,,,,,,,,,,,,,,,,,4,,,,,,,,,,,,1,,1,,,,,,,,,,,2,,,2,,,,,,,,,,,,,1,,2,,,1,,,2,,,,,,,,,,2,,,,,,,,,,,,,,,,,,,,,,,,,,,,,,,,,,,,,,,,,,,,,,,,,,,,,,,,,,,,,,,4,,,,,,,,,,,,3,1,2,,,,,,,,2,,,,,,,,,,,2,,1,,,,,,,,,,,,,,1,,,,,,,,,,,,,,,,,8,,,,,,,,4,,,2,,2
149,,,,,,,,,,,,,,,,,1,,,,,,,1,,,,,,1,,,,,1,,,,,,,,,,,,,,1,,,,,,,,,,,,,,,,,2,1,,,1,,,1,,,,,,1,,,,4,,,,,,,,,,,,,,,,,,,,,,,,,,,,,,,,,,,,,,,,,,,,,,,,,,,,,,,,,,,,,,,4,,,,1,,,,,,,1,,1,,,,,,,,,2,,,,,,,,,,,,,,8,,,,,,,,,,,,,1,,,,,,,,,,,,,,,,,54,,,,,,,,,,,1,,2
150,,,,,,,,,,,,,,,,,,,,,,,,2,,,,,,1,,,,,1,,,,,,,,,,,,,,1,,,,,,,,,,,,,,,,,6,,,,1,,,3,,1,,,,,,,,2,,,,,,,,,,,1,,,,,,,,,,2,,,,,,,,,,,,,,,,,,,,,,,,,,,,,,,,,,,,,,,,,,,,,,1,,,,,,,1,,2,,,,,,,,,1,,,,,,,,,,1,1,,2,2,,,,,,,,,,,,,1,,,,,,,,,,,,,,,,,15,,,,,,,,1,,,1,,1
151,,,,,,,,,,,,,,1,,,,,,,,,,7,,,,,,1,,,,2,,,,,,,,,,,,,,,1,,,2,,2,,,,,,,,,,,,1,1,,,1,,,3,,,,,,1,,,,,,,,,,,,,,,,,,,,,,,,,,,,,,,,,,,,,,,,,,,,,,,,,,,,,,,,,,,,,,,,,,,,,,,2,,,,,,,,,1,,,,,,,,,2,,,,1,,,,,,1,1,,,,,,,1,,,,,,,,,1,,,,,,,,,,,,,,,,,7,,,,,,,,2,,,1,,1
152,,,,,,,,,,,,,,,,,,,,,,,,9,,,,,,2,,,,,1,,,,,,,,,,,,,,1,,,2,,,,,,,,,,,,,,,2,,,1,,,3,,1,,,,,,,,,,,,,,,,,,,,,,,,,,,,,,,,,,,,,,,,,,,,,,,,,,,,,,,,,,,,,,3,,,,,,,,,,,,,1,,,,,,,,1,2,1,,,,,,,,2,,,,,,,1,,,,,,3,1,,,1,,,,,,,,,,2,,,,,,,,,,,,,,,,,5,,,,,,,,1,,,1,,1
153,,,,,,,,,,,,,,,,,,,,,,3,,2,,,,,,1,,,,1,1,,,,,,,,,,,,,,1,,,,,,,,,,,,,,,,,,,,,2,,,3,,2,,,,1,,,,1,,,,,,,,,,,,3,,,,,,,,,,,,,,,,,,,,,,,,,,,,,,,,,,,,,,,,,,1,,,,,,,,,,,,,1,,,,,,,,1,1,1,,,,,,,,1,,,,,,,,,,1,1,,,,,,1,4,,,,,,,,,2,,,,,,,,,,1,,,,,,,9,,,,,,,,2,,,,,1
154,,,,,,,,,,,,,,1,,,,,,,,,,12,1,,,,,,,,,,1,,,,,,,,,,,,1,,1,,,1,1,,,,,,,,,,,,,,2,,,1,,,2,,1,1,,,,,,,,,2,2,,,,,,,,,,,,,,,,,,,,,,2,,,,,,,,,,,,,,,,,,,,,,,,,,,,,1,,,,,,,,,,,,1,2,,,,,,,,1,1,1,,,,,,,,1,,,,,,,1,,,2,,1,1,,,,1,1,,,,,,,,,1,,,,,,,,,,,,,,,,,7,1,,,,,,,3,,,1,1,
155,,,,,,,,,,,,,,,,,,,,,,,,6,,,,,,,,1,,,,,,,,,1,,,,,,1,,2,,,2,,,,,,,,,,,,,,,1,,,1,,,2,,2,,,,,,,,,,,,,1,,,,,,,1,,,,,,,,,,,,,,,1,,,,,,,,,,,,,,,,,,,,,,,,,,,,,,,,,,,,,,,,3,,,,,,,,1,3,2,,,,,,,,2,,,,1,,,1,,,,,,,,,,3,,,,,,,,,,2,,,,,,,,,,,1,,,,,,5,,,,,,,,2,,,,,
156,,,,,,,,,,,,,1,,,,,,,,,2,,2,,,,,,1,,,,,,,,,,,,,,,,,,,1,,,,,,,,1,,,,,,,1,,,1,,,1,,,3,,1,,,,1,,,,2,,,,,,,,,,,,,,,,,,,,,,,,,,,,,,,,,,,,,,,,,,,,,,,,,,,,,,,,,,,,,,,,,,,3,,,,,,,1,1,2,1,,,,,,,,2,,,,,,,,,,1,,,1,,,,3,,,,,,,,,,2,,,,,,,,,,,,,,,,,6,,,,,,,,2,,,,,1
157,,,,,,,,,,,,,1,1,,,,,,,,,,10,,,,,,,,,,,1,,,,,,,,,,,,,,1,,,,,,,,,,,,,,,,,2,1,,,,,,3,,1,,,,2,,,,,,1,1,,,,,,,,,,,,,,,,,,,,,,,,,,,,,,,,,,,,,,,,,,,,,,,,,,,,,,,,,,,,,,,,2,,,6,,,,,1,2,,,,,,,,,#VALUE!,,,,,,,1,,,1,,,5,,,,8,1,,,,,,,,,1,,,,,,,,,,1,,,,,,,18,,,,,,,,5,,,,,
158,,,,,,,,,,,,,,,,,,,,,,,,4,,,,,,,,,,,1,,,,,,,,,,,,,,2,,,,,,,,,,,,,,,,,,1,,,1,,,3,,1,,,,2,,3,,,,,,,,,,,,,,1,,,,,,,,,,8,,,,,,,,1,,,,,1,,,,,,,,,,,,,,,,,,,1,,,,,,,,,,,,,2,,,2,,,,,,2,,,,,,,,,1,,,,,,,,,2,1,1,2,,,,,6,,,,,,,,,,1,,,,,,,,,,1,,,,,,,4,,,,,,,,2,,,,,1
159,,,,,1,,,,,,,,1,,,,,,,,,,,,,,,,,,,,,2,,,,,,,2,,,,1,,,,1,,,1,,1,1,,,,,,,,,,,,,,,,,,4,,,,1,,5,,,,,,,1,,,,2,,,,1,,,,,,,1,,,,,,,,,,,,1,,,,,,,,,,,,1,,,,,,,,,,,,,,,,,,,,,,,,1,3,,,,,,,,,,1,,,,,,,,,,,,,,,3,,1,2,,,,,,,1,,,,,,,,,,1,3,,,,,2,,,,,,2,,,,,,,,,,,,,2,,,,,
160,,,,,2,,,,,,,,,,,,,,,,,,,,,,,,,,,,,,,,,,,,,,,,,,,,1,,,,,1,,,1,,,,,,,,,,,,,,,,3,,,,1,,2,,,,,,,,,,1,2,,,,1,,,,,,,,,,,,,,,,,,1,,,,,,,,,1,,,,,,,,,,,,,,,,1,,,,,,,,,,,2,,3,,,,,,,,,,,,,,,,,,,,,,,,,1,,,2,,,1,,,,1,1,,,,,,,,,2,2,,,,,1,,,,2,,2,,,,1,,,,,,,,,2,1,,1,,
161,,,,,,,,,,1,,,,,,,,,,,,,,1,,,,,,,,,,2,1,,,,,,1,,,,1,,1,,2,,,,,1,,,1,,,,,,,,,,,,,,,,2,,,,1,,2,,,,,,,,,,,,,,,1,,,,,,,,,,,,,,,,1,,,,,,,,,,,1,,,,1,,,,,,,,,,,,,,,,,,,,,,,,,2,1,,,,,,,1,,,,,,,,,,,,,,,,,2,,,1,1,,,,,,1,1,,,,,,,,,1,2,,,,,,,,,1,,1,,,,,1,,,,,,,,,2,,1,,
162,,,,,,,,,,,,,3,,,,,,,,,,,5,,,,,,,,1,,1,2,,,,,,,,,,1,,,1,1,,,,,1,,,,,,,,,,,,,,4,,1,,,4,,,,1,,2,,,,,,,,,,,2,,,,1,,,,,,,,,,,,,,,1,2,1,,,,,,,2,,,1,,,,1,,,,,,,,,,,,,,,1,,,,,,,,,,1,2,,,,,,3,1,,,,,,,,,,,,,,,,,2,,,2,,,1,,,,2,5,,,,,1,,,,1,2,,,,,,,,,1,,2,,,,,,,,,,,,,3,1,,1,,
163,,,,,,,,,,,,,,,,,,,,,,,,2,,,,,,,,,,1,,,,,,,,,,,1,,,,1,,,,,1,,,,,,,,,,,,,,,,,,,6,,,,1,,3,,1,,,,,,,,,,,,,1,,,,1,,,,,,,,,,,,,,,,,,,,4,,,,,,,,,,,,,,,,,,,,,,1,,,,,#VALUE!,,,,,1,,,,,,,,,,2,,,,,,,,,,,,,,,2,,,1,,,,,,,3,2,,,,,,,,,1,3,,,,,,,,,,,2,,,,,2,1,,,,,,,,2,,1,1,
164,,,,,,,,,,,,,,,,,,,,,,,,1,,,,,,,,,,1,1,,,,,,,,,,,,,,1,,,,,,,,,,,,,,,,,,,,2,1,,,2,,,,2,,2,,,,,,,,,,1,,,,,,,,,,,1,,,,,,,,,,3,,,,,,,,,,,,,,,,,,,,,,,,,,,,,,,,,,,,,,,,1,,,,,,,,1,,,,,,,,,,,,,,,,,2,,2,,1,,,,,,,,,,1,,,,,,,,,,,,,,,,,,,,,,,,,,,,,,,2,1,,1,,
165,,,,,,,,,,,,,,,,,,,,,,,,2,,,,,,1,,,,,,,1,,,,,,,,,,,,1,,,,,1,,,,,,,,,,,,,,,,1,,,3,,,,1,,1,,,,,,,,,,,,,,,1,,,,,,,,,,,,,,,,,,,,,,,,1,,,,,,,1,,,,,1,2,,,,,,,,,,,,,,,,,1,,2,1,,,,,,1,1,,,,,,,,,,,,,,,,,#VALUE!,,,,,,1,,,,,2,,,,,,,,,1,,,,,,,,,,2,,,,,,,,,,,,,,,1,,,,,
166,,,,,2,,,,,,,,,,,,,,,,,,,1,,,,,,,,,,2,1,,,,,,1,,,,,,,1,,,,,,2,,,,,,,,,,,,,,2,,1,,,2,,,,1,,2,,,,,,,1,,,,,,,,1,,,,,,,1,,,,,,,,,,,1,,,,,,,,,,,,,,,,,,,,,,,,,,,,,,,,,,,,,,1,,,,,,,,1,,,,,,,,,,,,,,1,,,1,,,,,,,,,,,,,,,,,,,,1,1,,,,,,,,,1,,1,,,,,,,,,,,,1,2,1,,,,
167,,,,,,,,,,,,,,,,,,,,,,,,,,,,,,,,1,,,1,,,,,,,,,,,,,,,,,,,1,,,,,,,,,,,,,,,,,,,1,,,,2,,1,,,,,,,,,,,,,,,1,,,,,,,,,,,,,,,,,,,,,,,,,,,,,,,,,,,,1,,,,,,,,,,,,,,,,,,,,,,,,,,,,,,2,,,,,,,,,,,,,,,1,,,1,,,,,,,,,,,,,,,,,,,,,,,,,,,,,,,,,,,,,,,,,,3,2,,,,1
168,,,,,,,,,,,,,,1,,,,,,,,,,2,,,,,,,,1,,,,,,,,,,,,,,,,,,,,,,2,,,,,,,,,,,,,,,,,,,3,,,,2,,2,,2,,,,,,,,,2,,,,,,,,,,,,,,,,,,,,,,,,,,,,,,,,,,1,,,,,,,,,,,,,,,,,,,,,,,,,1,,,,,,,,,,,,,,,,,,1,,,,,,,,2,,,1,,,,,,,,,,,,,,,,,,3,,,,,,,,,1,,2,,,,,,,,,,,,,,2,,,,
171,,,,,2,,,,,,,,,,,,,,,,,4,,10,,,,,,,,,,,1,,,,,,3,,,,,,,,,,,2,1,,,9,,,,,,,,,,,,,,,,2,2,,,,,,,,,,,,,,,,,,,,,,,,,,,,,,,,,,,3,,,,,,,,,,,,1,,,,,1,,,,,,,,,,,,,,,,,,2,,,,,,,7,2,,12,,,,,,,,,,,,,,,,,,,,,,,,,,,3,1,,,,,,,,,,,,,,1,,,,,,,,,,,,1,,,,,,,,,,,,,2,,,,,
172,,,,,,,,,,,,,,,,,,,,,,,,1,,,,,,,,,,,1,,,,,,2,,,,,,,,,,,,1,,,5,,,,,,,,,,,,,,,,,1,,,,,,,,,,,,,2,,,,,,,,,,,,,,,,,,,,,,,,,,,,,1,,,,,,,,,,1,,,,,,,,,,,,,,,,,,,,,,,,,3,1,,,,,,,,,,,,,,,,,,,,,,,,,,,,,,2,,,,,,,,,,,,,,1,,,,,,,,,,,,1,,,,,,,,,,,,,4,,,1,,
173,,,,,,,,,,,,,,,,,,,,,,,,4,,,,,,,,,,,1,,,,,,,,,,,,,,,,,,,,,,,,,,,,,,,,,,,,,,1,,,,,,,,,,,,,2,,,,,,,,,,,,,,,,,,,,,,,,,,,,,,,,,,,,,,,1,,,,,,,,,,,,,,,,,,,,,,,,,2,1,,29,,,,,,,,,,,,,,,,,,,,,,,,,,,1,,,,,,,,,,,,,,,1,,,,,,,,,,,,,,,,,1,,,,,,,,3,,,,,
174,,,,,,,,,,,,,,,,,,,,,,,,3,,,,,,,,,,,1,,,,,,1,,,,,,,1,,,,,,,,,,,,,,,,,,,,,,,,,,,,,,,,,,,,,,1,,,,,,,,,,,,,,,,,,,,,,,,,,,,,,,,,,,,,,,1,,,,,,,,,,,,,,,,,,,,,,,,,4,1,,,,,,,,,,,,,,,,,,,,,,,,,,,,,,,,,,2,,,,,,,1,,,1,,,,,,,,,,,,1,,,,,,,,,,,,,2,,,,,
175,,,,,,,,,,,,,,,,,,,,,,,,,,,,,,,,,,,,,,,,,5,,,,,,,,,,,2,1,,,,,,,,,,,,,,,,,,,,,,,,,,1,,,,,,,2,,,,,,,,,,,,,,,,,,,13,,,1,,,,,1,,,,,,,,,,,,,,,,,1,,,,,,,,,,,,,,,,,,,,2,,,25,,,,,,,,,,,,,,,1,,,,,,,,,,,,,4,,,,,,,,,,,,,,1,,,,,9,,,,,1,,1,,,,,,,,,,,,,6,,,,,
176,1,,,,,,,,,,,,,,,,,,,,,,,,,,,,,,,,,,1,,1,,,,2,,,,,,,,,,,,,,,1,1,,,,,,,,,,,,,,,,,,,,,,,,,,,,,1,,,,,,,,,,,,,,,,,,,,,,1,,,,,,,,,,,1,,,,,,1,,1,,,2,,,,,,,,,,,,,,,,,,,,1,1,,,,,,,,,1,,,,,,,,,,,,,,,,,,,,#VALUE!,2,,,,,,1,,,,,,,,,,,,,,,,,,1,,,,,,,,,,,,,,,3,,,,,
177,1,,,,,,,,,,,,,,,,,,,,,,,2,,,,,,,,,,,,,,,,,3,,,,,,,,,,,,,,,,,,,,,,,,,,,,,,,,2,,,,,,,,,,,,,,,,,,,,,,,,,,,,,,,,,,,,,,,,,,,,,,,,,,,,2,,2,,,,,,,,,,,,,,,,,,,1,,,,3,1,,29,,,,,,,,,,,,,,,1,,,,,,,,,,,,#VALUE!,4,,,,,,,,,,,,,,1,,,,,,,,,,,,,,,,,3,,,,,,,,6,,,2,3,1
178,,,,,,,,,,,,,,,,,,,,,,,,,,,,,,,,,,2,1,,,1,,,2,,,,1,,,,1,,,1,2,,,1,1,,,,,,,,,,,,,,,,2,,,,,,1,1,,,,,,1,,1,,,,,,,,,,,,,,,,,,,,,1,,,,,,,,,,,,,,,,1,,,,,1,,,,,,,,,,,,,,,,,,,,1,1,,,,,,,,,1,,,,,,,,1,,,,1,,,,3,1,,,2,2,,,,,,1,,,,,,,,1,,,,,,,,,,1,,,,,,,,1,,,,2,,,2,,,,1,
179,,,,,,,,,2,,,,,,,,,,,1,,,,,,,,,,,,,,2,1,,,,,,2,,,,1,,,1,,,,11,1,,,,2,,,,,,,,,,,,,,,,1,,,,,,1,,,,,,,3,,1,,,,,,,,,,,,,,,,,,,,,,,,,,,,,,,,,,,,,,,,,,,,,,,,,,,,,,,,,,,,,,3,2,,,,,,,,,,,,,,,,,,,,,,,1,,3,,,,1,2,,,,,,1,,,,,,,,1,,,,,,,,,,,,,,,,,,,,,,,,,5,,,,1,
182,,,,,,,,,,,,,,,,,,,,,,,,2,,,,,,,,1,,,,,,,,,2,,,,1,,1,,1,,,1,,,1,,2,,,,,,,1,,,,,,,,,5,,,,1,,1,,1,,,,,1,,1,1,2,,,,2,,,,,,,2,,,,,,,,,,,,,,,,,,,,,,,,,,,,,,,,,,,,,,,1,,,,,,,,,1,1,,,,,1,1,,,,3,,,,,,,,,,,,,,,2,,,3,,,2,,,,1,1,2,,,1,,,,,,,,,,,,,,,#VALUE!,,2,,,,,,,,,1,,,1,2,1,,,,
183,,,,,,,,,,,,,,,,,,,,,,,,2,,,,,,,,,,,,,,,,,,,,,,,,,1,,,,,,1,,1,,,,,,,,1,,,,,,,,3,,,,1,,2,,,,,,,,,,,2,,,,1,,,,,,,,,,,,,,,,,,1,,,,,,,,,,,,,,,,,,,,,,,,,,,,1,,,,,,,,,,,2,,,,,1,,,,,,,,,,,1,,,,,,,,2,,2,3,,,2,,,,,,2,,,,,,,,,2,,,,,,,,,1,,4,,,,,,,,,1,,,1,,1,,,,
184,,,,,,,,,,,,,,1,,,,,,,,,,,,,,,,,,2,,,,,1,,,,,,,,,,1,,,,,,,,1,,1,,,,,,,,,,,,,,,,2,,,,2,,1,,,,,,,2,,,1,2,,,,1,,,,,,,,,,,,,,,,,,1,,,,,,,,,,,,,2,,,,,1,,,,,,,,,,,,,,,,,,,,,,,,,,,,1,,,,,,,,,1,,,,,,,,1,,,2,,,,,,,,1,1,,,,,,,,,1,,,,,,,,,2,,3,,,,,,,,,,,,1,1,,,,,
185,,,,,,,,,,,,,,,,,,,,,,,,3,,,,,,,,1,,,,,,,,,,,,,1,,1,,1,,,,,,1,,,,,,,,,,,,,,,,,,3,,,,2,,2,,,,,,,1,,,,2,,,,1,,,,,,,,,,,,,,,,,,,,,,,,,,,,,,,,,,,,,,,,,,,,,,2,1,,,,,,,,,,,,,,,,,1,,,,,,,,,,,,,,,,,2,,1,1,,,,,,,,,,,,,,,,,,2,,,,,,,,,2,,1,,,,,,,,,,,,1,,1,,,,
186,,,,,,,,,,,,,,1,,,,,,,,,,,,,,,,,,1,,,,,,,,,,,,,,,1,,,,,1,1,,,,1,,,,,,,,,,,,,,,,2,,,,2,,2,,,,,,,,,,1,1,,,,1,,,,,,,,,,,,,,,,,,2,,,,,,,,,,,,,,,,,,,,,,,,,,,,1,1,,,,,,,,,,,,,,,,,1,,,,,,,,,1,,,,,,,,1,,,2,,,,,,,,,,,,,,,,,,2,,,,,,,,,2,,2,,,,,,,,,,,,1,1,,,,,
187,,,,,,,,,,,,,,,,,,,,,,,,,,,,,,,,1,,,,,,,,,,,,,,,1,,,,,,,,,,1,,,,,,,,,,,,,,,,2,,,,2,,1,,,,,,,1,,,1,2,,,,2,,,,,,,1,,,,,,,,,,,,,,,,,,,,,,,,1,,,,,,,,,,,,,,,,,,,,,,,,,,1,,,,,,,1,,,,,,,,,1,,,,,,,,2,,,2,,,,,,,1,,1,,,,,,,,,2,,,,,,,,,1,,,,,,,,,,,,,,1,2,1,,,,
188,,,,,,,,,,,,,,1,,,,,,,,,,,,,,,,,1,1,,,,,,,,,,,,,,,,,,,,,,,,,4,,,,,,,,,,,,,,,,2,,,,2,,1,,,,,,,,,,,1,,,,1,,,,,,,,,,,,,,,,,,,,,,,,,,,,,,,,,,,,,,,,,,,,,,,,,,,,,,,,,2,,,,,,,,,,,,,,,,1,,,,,,,,2,,,2,,,,,,,1,1,1,,,,,,,,,2,,,,,,,,,2,,1,,,,,,,,,,,,1,1,1,,,,
189,1,,,,2,,,,,,,1,,,,,,,,,,,,,,,,,,,,,,,,,,,,,1,,,,,,2,,,,,,1,,,,2,,,,,,,,,,,,,,,,4,,,,,,1,,,,,,,3,,1,,,,,,,1,,,,,,1,,,,,,,1,,,,2,,,,,,,,,,,,,2,,,,,,,,,,,,,,,1,,,,,,,,,,1,2,,,,,,,,,4,,,,,,,,1,,,,,,,1,,1,2,,,,,,,1,3,1,,,,,,,,,1,,,,,,,,,2,,2,,,,,,,,,,,,,1,,,,3,
190,1,,,,,,,,,,,,,,,,,,,,,,,,,,,,,,,,,,1,,1,,,,,,,2,,,1,,,,,,,,1,,,,,,,,,,,,,,,,,,2,,,,1,,1,,,,,,,3,,,1,2,,,,1,,,,,,,1,,,,,,,,,,,,,,,,,,,,,,,,,,,,,,,,,,,,,,,1,,,,,,,,,,2,1,,,,,,,,,1,,,,,,,,,,,,,,,1,,2,2,,,,,,,,,1,,,,,,,,,,,,,,,,,,1,,2,6,,,,,,,,,,,,1,2,,,,
191,,,,,,,,,,,,,,,,,,,,,,,,,,,,,,,,,,,,,,,,,,,,,,,,,,,,,,2,,,,,,1,,,,,,,,,,,,,5,,,,,,,,,,,,,,,,,,,,,,,,,,,,,,,,,,,4,,,,,,,,,,,,,,,,,,,,,,,,,,,,,1,,,,,,1,,,,,,,,,,,,,,,1,1,,,,,,,,,,,,,,,,,,,,3,,1,,,,,,,,,,,,,,1,,,,,,,,,,,,,,,,,,,,,,,,,2,,,,,1
192,,,,,,,,,,,,,,,,,,,,,,,,2,,,,,,,,,,,,,,,,,,,,5,,,,,1,,,,,3,,,,,,2,,,,,,,,,,,,,3,,,,,,,,,,,,,,,,,,,,,,,,,,,,,,,,,,,1,,,,,,,,,,,,,,,,,,,,,,,,,,,,,,,,,,,1,,,,,,,,1,,,,,,,1,1,,,,,,,,,,,,,,,,,,,,6,2,,,,,,1,,,,,,,,,2,,,,,,,,,,2,,,,,,,,,,,,,,,2,,,,,1
193,,,,,,,,,,,,,,,,,,,,,,,,7,,,,,,,,,,,,,,,,,,,,,,,,,1,,,2,,,,,,,,2,,,,,,,,,,,,,1,,,,,,,,,,2,,,,,,,,,,,,,,,,,,,,,,,,,4,,,,,,,,,,,,,,,,,,,,,,1,,,,,,,,,,,,,1,,,,,,,,,,,,,,5,1,,,,,,,,,,,,,,2,,,,,,,2,2,,,,,,,,,,,,,,,1,,,,,,,,,,,,,,,,,,,,,,,1,,2,,,,,
194,,,,,,,,,,,,,,,,,,,,,,2,,1,,,,,,,,,,,,,,,,,,,,,,,,,1,,,,,,,12,,,,#VALUE!,,,,,4,,,,,,,,2,,,,,,,,,,,,,,,,,,,,,,,,,,,,,,,2,,,,1,,,,,,,,,,1,,,,,,,,,,,,,,,,,,,,,,,,,3,,,,,,,,,,,,,,,,1,,,,2,,,2,,,,,,,,,,,,,2,2,,,,,,1,,,,,,,,,1,,,,,,,,,,,,,,,,,,,,,,,,,2,,,,,
195,,,,,,,,,,,,,,,,,,,,,,,,,,,,,,,,,,,,,,,,,,,,1,,,,,1,,,,,,,,,,,1,,,,,,,1,,,,,,3,,,,,,,,,,,,,,,,,,,,,,,,,,,,,,,,,,,3,,,,,1,,,,,,,,,,,,,,,,,,,,,,,,,,,,,,,,,,,,,,,,,,,,,1,,,,,,,,10,,,,,,2,,,,,,,1,1,,,,,,1,,,,,,,,,2,,,,,,,,,,1,,,,,,,,1,,,,,,,2,,,,,
196,,,,,,,,,,,,,,,,,,,,,,,,5,,,,,,,,,,,,,,,,,,,,2,,,,,,,,,1,,,,,,,3,,,,,,,1,,,,,,1,,,,,,,,,,,,,,,,,,,,,,,,,,,,,,,,,,,,,,,,1,,,,,,,,,,,,,,,,,,,,,,,,1,,,,,,3,,,,,,,,,,,,,,,,,,,,,,,,,,,,,1,,,,,,,1,1,,,,,1,,,,,,,,,,3,,,,,,,,,,,,,,,,,,,,,,,,,5,,,,,
197,,,,,2,,,,,,,,,2,,,,,,,,,,1,,,,,,,,,,,,,,,,,1,,,,,,,,,,,,,,,,,,,2,,,,,,,1,,,,,,4,,,,,,,,,,,,,,,,,,,,,,,,,,,,,,,,,,,1,,,,,,,,,,,,,,,,,,,,,,,,,,,,,,,,,,,3,,,1,,,,,,,1,,,,,1,4,,,,,,,,,,,,,,,,,,,,3,2,,2,,,,2,,,,,,,,,2,,,,,,,,,,1,,,,,,,1,,,,,,,,#VALUE!,,,1,,
198,,,,,,,,,,,,,,1,,,,,,,,4,,2,,,,,,,,,,,,,,,,,,,,,,,,,,,,,,,,,,,,2,,,,,,,1,,,1,,,2,,,,,,,,4,,,,,,,,,,,,,,,,,,,,,,,,,,,1,,,,,,,,,,1,,,,,,,,,,,,,,,,,,,,,,,,,,,,,,,,,,,,,,,,1,1,,,,,,,,,,,,,,,,,,,,1,2,,1,,,1,1,,,,,,,,,2,,,,,,#VALUE!,,,,,,,,,,,1,,,,,,,,8,,,1,,
199,,,,,,,,,,,,,,1,,,,,,,,4,,,,,,,,,,,,,,,,,,,1,,,,,,,,,,,,,2,,,,,,,,,,,,,1,,,1,,,4,,,,,,,,,,,,,,,,,,,,,,,,,,,,,,,,,,,8,,,,,,,,,,,,,,,,,,,,,,,,,,,,,,,,,,,,,,,,,,1,,,,,,,,,1,,,,,,,,,,,,,,,,,,,,3,2,,1,,,2,,,,,,,,,,1,,,,,,,,,,,,,,,,,1,,,,,,,,3,,,,,
200,,,,,,,,,,,,,,,,,,,,,,,,1,,,,,,,,,,,1,,,,,,,,,,,,,,,,,,1,,,,,,,3,,,,,,,,,,,,2,1,,,,,,,,,,,,,,,,,,,,,,,,,,,,,,,,,,,6,,,,,3,,,,,,,,,,,,,,,,,,,,,,,,,,,,,,,,,,,,,1,1,,,,,,,,,,,,,,,,,2,,,,,,,,,,,1,4,,,,,,,,,,,,,,,1,,,,,,,,,,,,,,,,,,,,,,,,,2,,,,,
201,,,,,,,,,,,,,,,,,,,,,,2,,,,,,,,,,,,1,1,,,,,,,,,,,,,,,,,2,,,,1,,,,2,,,,,,,1,,,,,3,2,,,,,,,,,,,,,,,2,,,,,,,,,,,,,,,,,,,,7,,,,,1,,,,,,,,,,,,1,,,,,,,,,,,,,,,,,,,,,,,,,3,2,,,,,,,,,,,,,,,,,1,,,,1,,,,,,,2,4,,,,,,,,,,,,,,,,,,,,,,,,,,,1,,,,,,,,,,,,,1,,,,,
202,,,,,,,,,,,,,,,,,,,,,,,,2,,,,,,,,,,,1,,,,,,1,,,,,,1,,1,,,,,,,,,,,6,,,,,,,,,,,,2,1,,,,,,,,,,,,,,,1,,,,,,,,,,,,,,,,,,,,3,,,,,1,,,,,,,1,,,,,1,,,,,,,,,,,,,,,,,,,,,,,,,4,1,,,,,,,1,,10,,,,,,,,,,,,2,,,,,,,,1,,,,,,,,,,,,,,,,,,,,,,,,,,,,,,,,,,,,,,,,1,,,,,
203,,,,,,,,,,,,,,,,,,,,,,,,9,,,,,,,,,,,,,,,,,2,,,,,,,,,,,2,,,,,,,,,,,,,,,,,,,,2,2,,,,,,,,,,,,,,,,,,,,,,,,,,,,,,,2,,,,2,,,,,1,,,,,1,,,,,,,,,,,,,,,,,,,,,,,,,,,,,,,,2,,,,,,,,1,,,,,,,,,,1,,,,,,1,,,,,1,2,2,,,,,,,,,,,,,,2,,,,,,,,,,1,,2,,,,,2,,,,,,,,3,,,,,
204,,,,,,,,,,,,,,,,,,,,,,,,9,,,,,,,,,,,1,,,,,,2,,,,,,,,,,,2,,,,1,,,,1,,,,,,,,,,,,4,1,,,,,,,,1,,,,,,,,,,,,,,,,,,,,,,,,,,,4,,,,,1,,,,,,,,,,,,2,,,,,,,,,,,,,,,,,,,,,,,2,,3,,2,,,,,,,,,,,,,,,,1,1,,,,,,,,,,2,3,1,,,,1,,,,,,,,,,1,,,,,,,,,,,,,,,,,,,,,,,,,3,,,,,
205,,,,,,,,,,,,,,,,,,,,,,,,5,,,,,,,,,,1,1,,,,,,2,,,,,,,1,,,,4,,,,1,,,,,,,,,,,,,,,,3,1,,1,,,,,,,,,,,,,,,,,,,,,,,,,,,,,,,,,3,,,,,2,,,,,,,,,,,,,,,,,,,,,,,,,,,,,,,,,,,,,2,2,,35,,,,,,,1,,,2,,,,,,,,,3,,,,,,,1,3,1,,,,,,,,,,,,,,1,,,,,,,,,,,,,,,,,,,,,,,,,2,,,,,
206,,,,,,,,,,,,,,,,,,,,,,,,2,,,,,,,,,,,,,,,,,1,,,,,,,,,,,2,,,,,,,,,,,,,,,,,,,,1,2,,,,,,,,1,,,,,,,,,,,,,,,,,,,,,,,,,,,5,,,,,1,,,,,,,,,,,,,,,,,,,,,,,,,,,,,,,,,,,,,2,,,2,,,,,1,,,,,,,,1,,,,,,3,,,,,,,,2,1,,,,,,,,,,,,,,1,,,,,,,,,,,,,,,,,,,,,,,,,2,,,,,
207,1,,,,,,,,,,,,,1,,,,,,,,,,18,,,,,,,,,,,1,,,,,,2,,,,,,,,,,,#VALUE!,,,,,,,,1,,,,,,,1,,,,,2,1,,1,,,,,,,,,,,,,,,,,,,,1,,,,,,,,,,,,,3,1,,,,1,,,,,,,,,,,,,,,,,,,,,,,,,,,,,,,,,,,,,2,2,1,3,,,,,,,3,,,,,,,,,1,,,1,,,1,,,,2,3,,,,,,1,,,,,,,,,,,,,,,1,,,,3,,,,,,,1,,,,1,,,,3,,,,,
208,1,,,,,,,,,,,,,,,,,,,,,,,4,,,,,,,,,,,,,,,,,,,,,,,,,,,,,,,,1,,,,,,,,,,,,,,,,5,,,,,,,,,,,,,,,,,,,,,3,,,,,,,,,,,,,,,2,,,,,,,,,,,,,,,,,,,,,,,,,,,,,,,,,,,,,,,,,,1,1,,5,2,,,,,,1,,,,,,,,1,,,,1,,,,,,,1,,,1,,,2,1,,,,,,,,,,,,,,,,,,,,,,,,,,,,,,1,,,,1,,,1,,
210,1,,,,,,,,,,,,,,,,,,,,,,,1,,,,,,,,,,,,,,,,,2,,,3,,,,,,,,1,,,,,1,,,2,,,,,,,#VALUE!,,,,,,3,,,,,,,,,,,,,,,,,,,,,,,,,,,,,,,4,,,,2,,,,,1,,,,,,,,,,,,,,,,,,,,,,,,,,,,,,,,,,,,,1,,,,,,,,,,4,,,,,,,,,,,,,,,,,,,1,2,,,,,,1,,,,,,,,,1,,,,,,,,,,2,,,,,,,,,,,,,,,3,,,,,
211,1,,,,,,,,,,,,,,,,,,,,,,,,,,,,,1,,,,1,,,,,,,2,,,,,,,,,,,3,2,,,,,,,,,,,,,,,,,,,17,1,,,,,,,,1,,,,,,,,,,,,,,,,,,,,,,,,,,,3,,,,,1,,,,,1,,,,,,,,,,,,1,,,,,,,,,,,,,,,,,,,,1,,,10,,,,,,,,,,,,,,,,,,,,,,1,,,,2,4,3,,,,,,,,,,,,,,1,,,,,,1,,,,,,,,,,,,,,,,,1,,2,,,1,,
212,1,,,,,,,,,,,,,,,,,,,,,,,2,,,,,,,,,,,,,,,,,2,,,2,,,,,,,,1,,,,,,,,,,,,,,,,,,,,3,2,,,,,,,,,,,,,,,,,,,,,,,,,,,,,,,,,,,3,,,,,2,,,,,,,,,,,,,,,,,,,,,,,,,,,,,,,,,,,,,#VALUE!,2,,62,,,,,,,1,,,,,,1,,1,,,,1,,,,,,,2,2,,1,,,1,,,,,,,,,,1,,,,,,3,,,,,,,,,,,,,,,,,1,,3,,,,,
213,1,,,,,,,,,,,,,,,,,,,,,2,,1,,,,,,,,1,,,1,,,,,,2,,,,,,,,,,,1,,,,,,,,,,,,,,,1,,,,,5,,,1,,,,,,,,,,,,,,,,,,,,1,,,,,,,,,,,,,4,,,,,1,,,,,,,,,,,,1,,,,,,,,,,,,,,,,,,,,,,,,,3,1,,,,,,,,,,,,,,,1,,1,,,,,,,2,,,,1,2,,,,,1,2,,,,,,,,,1,,,,,,,,,,1,,,,,,,,,,,1,,1,,1,,,4,,
214,,,,,,,,,,,,,3,,,,,,,,,,,1,,,,,,,,,,,1,,,,,,1,,,,,,,,,,,3,,,,,4,,,1,,,,,,,,,,,,2,2,,2,,,,,,,,,,,,,,,,,,,,,,,,,,,,,,,,,2,,,,,1,,,,,1,,,,,,,1,,,,,,,,,,,,,,,,,,1,,,,,,,2,,,5,,,,,,,1,,,,,,,,,,,,1,,,,,1,,,1,2,,,,,,,,,,,,,,1,,,,,,,,,,,,1,,,,,,,,,,,,,5,,,1,,
215,,,,,,,,,,,,,,,,,,,,,,,,2,,,,,,,,,,,1,,,,,,1,,,,,,,,,,,2,,,,,,,,,,,,,,,,,,,,,2,,,,,,,,,,,,,,,,,,,,,,,,,,,,,,,,,,,3,,,,,10,,,,,1,,,,,,,,,,,,,,,,,,,,,,,,,,,,,,,,1,,,3,,,,,,,,,,,,,,,,,,,,,,,,,,2,2,,,,,2,2,,,,,,,,,1,,,,,,,,,,2,,,,,,,,,,,,,1,,4,,,,,
216,1,,,,,,,,,,,,,,,,,,,,,,,4,,,,,,,,,,,1,,,,,,2,,,,,,,,,,,2,,,,,1,,,,,,,,,,,,,,,2,1,,,,,,,,1,,,,,,1,,,,,,,,,,,,,,,,,,,,,4,,,,,2,,,,,,,,,,,,1,,,,,,,,,,,,,,,,,,,,,,,,,2,1,,30,,,,,,,1,,,,,,,,,,,,1,,,,,,,1,4,1,2,,,,1,,,,,,,,,1,,,,,,1,,,,2,,,,,,,,1,,,,,1,,1,,,,,
217,,,,,,,,,,,,,,,,,,,,,,,,1,,,,,,,,,,,1,,,,,,2,,,,,,,,,,,1,,,,,,,,2,,,,,,,,,,,,2,2,,,,,,,,,,,,,,,,,,,,,,,,,,,,,,,,,,,3,,,,,,,,,,,,,,,,,,,,,,,,,,,,,,,,,,,,,,,,,,2,1,,94,,,,,,,4,,,,,,,,,,,,,,,,,,,,2,,,,,,1,,,,,,,,,2,,,,,,,,,,1,,,,,,,,1,,,,,1,,3,,,,,1
226,,,,,,,,,,,,,,,,1,,,,1,,,,1,,,,,,,,,,,1,,,,,,4,,,,,,,,1,,,,,,,,,,,,,,,,,,,,,,,,1,,,,,,,,,,,,,,,,,,,,,,1,,,,,,,,,,,,,,,,,,,,1,,,,,,,,,,1,,,,,,,,,1,,,,,,,,,,,,,,,,2,3,,,,,,1,,,,,,,,,,,2,,,,,,,,,,,2,,2,,,,,1,,,,,,,,,1,,,,,,,,,,,,,,,,,,,,,,,,,,,,,,1
227,,,,,,,,,,,,,,,,1,,,,1,,,,1,,,,,,,,,,,1,,,,,,2,,,,1,,,,1,,,1,,,,,,,,,,,,,,,,,,,,,1,,,,,,1,,,,,,,,,,,,,,,,,,,,,,,,,,3,,,,,,,,,,2,,,,,,,,,,1,,,,,,,,,,,,,,,,,,,,,,,,,2,6,,,,,,,,,,,,,,,,,2,,,,,,,,,,,1,,,,,,,,,,,,,,,,,,,,,,,,,,,,,,,,,,,,,,,1,,,,,,,1
228,1,,,,,,,,,,,,,,,2,,,,1,,,,3,,,,,,,,,,,1,,,,,,1,,,,,,,1,,,,5,,,,,1,,,,,,,,,,,2,,,,,1,,,,,,1,,,,,,,,,2,,,,,,,,,,,,,,,,,,,,,,,,,,,3,,,,,,,,,,1,,,,,,,,,,,,,,,,,,,,,,,,,3,4,,,,,,,,,,,,,,,,,2,,,,,,,,,,,1,,,,,,,,,,,,,,,,1,,,,,,,,,,,,1,,,,,,,,,,,,,2,,,,,1
229,1,,,,,,,,,,,,,,,,,,,,,,,3,,,,,,,,,,,2,,,,,,1,,,,1,,,,,,,,1,,,,1,,,,,,,,,,,,,,,,2,,,,,,1,,,,,,,1,,,,,,,,,,,,,,,,,,,,,,,,,,,1,,1,,,,,,,,,,1,,,,,,,,,,,,,,,,,,,,,,,,,4,3,,,,,,,,,1,,,,,,,,,1,,,,,,,,,,,,,,,,2,1,,,,,,,,,,,,,,,,,,,,,2,5,,,,,,,,,,1,,1,,,,,
230,1,,,,2,,,,,,,,,,,3,,,,,,,,,,,,,,,,,,,1,,,,,,,,,,,,,1,,,,8,,,,,1,1,,,,,,,,2,,,,,,,1,,,,,,1,,,,,,,,,1,,,,,,,,,,,,,,,,,,,,,,,,,,,,,,,,1,,,,,,,,,,,,,,,,,,,,,,,,,,,,,,3,2,,,,,,,,,,,,,,,,,,2,,,,,,,,,,4,2,,,,,,4,,,,,,,,,,,,,,,,,,,,,2,,,,,,,,,,,,,1,,,,,
231,1,,,,,,,,,,,,,,,,,,,,,,,1,,,,,,,,,,,1,,,,,,1,,,,,,,,,,,2,1,,,,1,,,,,,,,,,,,,,,,1,,2,,,,1,,5,,,,,2,,,,,,,,,,,,,,,,,,,,,,,,,,,,,1,,,,,,,,,,1,,,,,,,,,,,,,,,,,,,,,,,,,4,2,,,,,,,,,1,,,,,,,,1,3,,,,,,,,,,2,,,,,,,,,,,,,,,,,,,,,,,,,,1,,1,,,,,,,,,,,1,,,,,,,1
232,,,,,,,,,,,,,,,,,,,,,,1,,1,,,,,,,,,,,1,,,,,,1,,,,1,,,,,,,1,,,1,,,,,,,,,,,,,,,,,,2,,,,,,2,,3,,,,,,,,,,,,,,,,,,,,,,,,4,,,,,,,,,,,,,,,,,,,,1,,,,,,,,,,,,,,,,,,,,,,,,,3,1,,,,,,,,,4,,,,,,,,1,1,,,,,,,,2,,2,,,,,,,,,,,,,,,,,,,,,,,,,,,,2,,,,,,,,,,1,,,,,,,,
233,1,,,,,,,,,,,,,1,,,,,,,,2,,,,,,,,,,1,,,,,,,,,,,,,,,,1,,,,,,,,,1,,,,,,,,,,,1,,,,,3,,,,,,1,,,,,,,1,,1,1,,,,,,,,,,,,,,,,,,,,,,,,1,,,,,,,,,,,,,,,,,,,,,1,,,,,,,,,,,,,,,,1,,,,,,,,,,,,,,,,,,,,,,,,,,,,,,,,,,,,,,,,,,,,,,,,,,,,,,,1,,2,,,,,,,,,,,,,2,,,,,
234,1,,,,,,,,,,,,,,,,,,,,,,,,,,,,,,,1,,,1,,,,,,,,,,1,,,2,,,,2,2,,,,1,,,,,,,,,,2,2,,,,,2,,,,,,,,1,1,,,,1,,,,,,,,,,,,,,,,,,,,,,,,,,,,,,,,,,1,,,,,1,,,,,,,,,,,,,,,,,,,,,,,,,1,1,,,,,,,,,,,,,,,,,,,,,,,,,,2,2,1,,,,,2,,,1,,,,,,,,,,,,,,,,,,1,,2,6,,,,,,,,,,,,1,,,,,
235,,,,,,,,,,,,,,,,2,,,,,,,,2,,,,,,,,,,,,,,,,,,,,,,,,,,,,3,,,,,,,,,,,,,,,,,,,,,,,,,,,,,,2,,,,,,,,,,,,,,,,,,,,,,,,,,10,,,,,,,,,,,,,,,,,,,,,,1,,,,,,,,,,,,,,,,,,,,2,1,,,,,,,,,,,,,,,,,,,,,2,,,,,,,,4,,,,,,,,,,,,,,,,,,,,,,,,,,,2,,,,,,,,,,,,,,,,,,
236,1,,,,,,,,,,,,,,,1,,,,,,,,1,,,,,,,,,,,,,,,,,1,,,,,,,,1,,,2,,,,6,1,,,,,,,,,,1,,,,,5,1,,,,,,,,,,,,,,,1,,,,,,,,1,,,,,,,,,,,1,2,,,,,1,,1,,,,,1,,,,,2,,,,,3,,,,,,,,,,,,,,,,,1,,,2,1,,,,,,,,,2,,,,,,,,,,,,,,,,,1,,,3,,,,,,,,,,,,,,,,,,,,,,,,,,,1,,,,,,,,,,,,,1,,,,,
237,#VALUE!,,,,,,,,,,,,,,,1,,,,,,,,3,,,,,,,,,,,,,,,,,,,,,,,,1,,,,1,,,,,1,,,,,,,,,,1,,,,,,1,,,,,,1,,,,,,,,,,,,,,,,,,,,,,,,,,,,,,,,,,1,,,,,,,,,,,,1,,,,,,,,,,,,,,,,,,,,,,,,,2,1,,,,,,,,,9,,,,,,,,,,,,,,,,,,,1,1,,,,,,,,,,,,,,,,,,,,,,,,,,,3,,,,,,1,,,,,,,2,,,,,
239,,,,,,,,,,,,,,,,,,,,,,2,,2,,,,,,,,,,,,,,,,,,,,,,,,,,,,,,,,,1,,,,,,,,,,,1,,,,,3,,,,,,,,,,,,,,,,,,,,,,,,,,,,,,,,,,,6,,,,,,,,,,,,,,,,,2,,,,,,,,,,,,,,,,,,,,,,,,,3,2,,,,,,,,,,,,,,,,,,,,,,,,,,,,,,2,,,,,,,,,,,,,,,,,,,,,,,,1,,2,,,,,,,,,,,,,1,,,,,
240,1,,,,,,,,,,,,,,,,,,,,,,,,,,,,,,,,,,,,,,,,3,,,,1,,,,,,,2,,,,,1,,,,,,,,,,,,,,,,4,,,,,,,,,,,,,,,,,,,,,,,,,,,,,,,,,,,2,,,,,,,,,,,,,,,,,1,,,,,,,,,,,,,,,,,,,,,,,,,2,1,,,,,,,,,,,,,,,,,,1,,,1,,,1,,,1,,2,,,,,,,,,,,,,,,,,,,,,,,,,,,1,,,,,,,,,,,,,2,,,,4,
241,1,,,,,,,,,,,,,,,1,,,1,,,,,2,,,,,,,,,,,,,,,,,,,,,,,,,,,,,,,,,2,,,,,,,,,,,,,,,,1,,,,,,,,,,,,,,,1,,,,,,,,,,,,,,,,,6,,,2,,,,,,,,,,,,,,,,,2,,,,,,,,,,,,,,,,,,,,,,,,,3,,,,,,,,,,,,,,,,,,,,,,,,,1,,2,,,,1,,,,,,,,,,,,,,,,,,,,,,,,,,2,,,,,,,,,,,1,,2,,,,,
242,1,,,,,,,,,,,,,,,,,,,,,,,2,,,,,,,,,,,,,,,,,1,,,,,,,1,,1,,,,,,,,,,,,,,,,,,,,,,,2,,,,,,,,,,,,,,,,,,,,,,,,,,,,,,,,1,,,,,,,,,,,,,,,,,,,,1,,,,,1,,,,,,,,,,,,,,1,,,,,,3,2,,,,,,,,,,,,,,,,,,,,,,,,,,1,,,2,,,,,,,,,,,,,,,1,,,,,,,,,,,,,,,,,,,,,,,,,3,,,,,
243,,,,,,,,,,,,,,2,,,,,,,,,,,,,,,,,1,1,,,1,,,,,,,,,,,,1,1,2,,,,1,,,,,,,,,,,,,,,,,,,,2,,,,,,2,,,,,,,2,,,,1,,,,1,,,,,,,,,3,,,,,,,,,2,,,,,,,,,,,,,,,,,,,,,,,,,,,,,,,,,,,,,,,,,,,1,,,1,,,,,,,,,,,,,,1,,,2,,,2,,1,,,,,,1,,,,,,,,,,2,,,,,,,,,1,1,3,,,,1,,,,,,,,1,,,,,,
244,1,,,,,,,,,,,,,1,,,,,,,,,,1,,,,1,,,,1,,,1,,,,,,1,,,,1,,,1,1,,,1,,,1,,2,,,,1,,,1,,,,,,,,,2,,,,,,2,,,,,,,3,,,,2,,,,,,,,,,,,,,,2,,,,,,,,,,,,,,,,,,,,1,,,,,,,,,,,,,,,,,,,,,,,,,2,1,,,,,,,,,4,,,,,,,,,,,,,,,1,,2,1,,,,,,,2,1,,,,,,,,,,2,,,,,,,,,1,,2,,,,,,,,,,,,,,,,,,
245,1,,,,,,,,,,,,,1,,,,,,,,,,,,,,,,,,1,,,1,,,,,,4,,,,1,,1,1,1,,,1,,,,,1,,,,,,,,,,1,,,,,,1,,,,,,1,,3,,,,,2,,,,,,,,1,,,,,,,,,,,2,,,,,,,,,,,,1,,,,,,,,2,,,,,2,,,,,,,,,,1,,,,,,,,,,2,1,,,,,,,,,,,,1,,,,,,,,,,,,1,,1,,,,,,,,3,1,,,,,,,,,1,1,,,,,,,,,,,2,,,,,,,,,,,,,,,,,,
246,1,,,,,,,,,,,,,1,,,,,,,,,,1,,,,1,,,2,1,,,1,,1,,,,2,,,,,,,2,,,,3,1,,1,,2,,,,,,,1,,,3,,,,,,2,,,,,,1,,4,,,,,3,,2,1,,,,,,,,,,,,,,,,4,,,,,,,1,,,,,,,,,,,,,1,,,,,,,,,,,,,,,,,,,,,6,,,,4,1,2,,,,,,,,1,,,,,,,,,,,,,,,1,2,1,,,,,,,,,2,1,,,,,1,,,1,,,,,,,,,,,,1,,,,,,,,,1,,,,3,,,,,
247,,,,,,,,,,,,,,1,1,,,,,,,,,1,,,,1,,,,1,,2,1,,,,,2,3,,,,,,1,,,1,,2,3,,1,3,1,,1,,,,1,,,,2,,,,,,2,,,,,2,2,,,,,,,,,1,1,,,,,,,,1,,,1,1,,2,,3,,,,,,,2,,,,,,,,,,,,,1,,1,1,,,,2,,,,,,,,,,,,1,,,,,,3,,,,,,,,3,,4,,,,1,,,,,,,,,,,,,2,2,,1,,2,,,,1,1,,,,,,,,1,,,3,,11,,,6,,,,3,,2,,,,1,2,3,1,,,,2,,,,,
248,1,,,,,,,,,,,,,1,,,,,,,,,,1,,,,,,,,,,,,,,,,,2,,,,1,,1,,,,,3,,1,1,,1,,,,,,,,,,,,,,,,6,,1,,,,1,,,1,,,,2,,1,1,,,,,,,,,,,1,,,,,,,,,,,,3,1,,,,,2,1,,,,,,,,,,,,,,,,,,,,,,,,,,,,,,,2,,,,,,,,1,,3,,,,,,,,,,,,,,,1,,,2,,,,,,,,2,1,,,,,,,,1,2,3,,,,,,,,,,,,,,1,,1,,,2,,,,1,,,,,
249,1,,,,,,,,,,,,,,,,,,,,,2,,,,,,,,,,,,,1,,,,,,2,,,,,,,1,,1,,,1,,1,,1,,,,,,,,,,1,,,,,,2,,,,,,2,,,1,,,,2,,,1,,,,,,2,,,,,,,,,,4,,,,,,,,,,,,,,,,,,,,1,,,,,,,,,,,,,,,,1,,,,,,,,,3,,1,,,,,,,,1,,,,,,,,,,,,,,,1,,4,1,,,,,,,,1,,,,,,,,,,,,,,,,,,,,,2,,,,,,1,,,1,,,,2,,,,1,
250,,,,,,,,,,,,,,,,2,,,,,,5,,1,,,,,,,,,,,1,,1,,,,1,,,,,,,1,,1,,1,,,1,,1,,,,,,,,,,1,,,,,,1,,,,,,1,,,,,,,,,1,1,,,,,,,1,,,,,,,,,2,,,,,,,,,,,,,,,,,,,,2,,,,,,,,,,,,,,,1,,,,,,,,,,3,3,2,,,,,,1,,1,,,,,,,,,1,,,,,,,,,,,,,,,,,,,,,,,,,,,,,,,,,,,,,,1,,,,,,,,,1,,,,,,,,,
251,1,,,,,,,,,,,4,,,,,,,,,,,,1,,,,,,,,,,,1,,,,,,2,,,,,,,,,,,,1,,1,,1,,,,1,,,,,,1,,,,,,,,1,,,,,,2,1,,,,2,,1,,,,,,,,,,,,,,,,,1,,,,,,,,,,,,,,,,,,,,1,,,,,,,,,,,,,,,,,,,,,,,,,4,,,,,,,,1,,1,,,,,,,,,4,,,,,,,,2,1,,2,,,,,,,,,,,,1,,,,,,,,,1,,,,,,1,,,,,,,,,1,,,,,,,,1,
252,1,,,,1,,,,,,,,,,,,,,,,,,,,,,,,,,,,,,,,,,,,1,,,,,,,,,1,,2,,,,,1,,,,,,,,,,,,,,,,3,,1,,,,,,,1,,,,#VALUE!,,,,,,,,,,1,,,,1,,1,,,,,,,,,,,,,,,,,,,,,,,1,,,,,,,,,,,,,,,,,,,,,,,,,4,1,,,,,,,,,,,,,,,,,,,,,,,,,,,,,,,,,3,,,1,,,,,,,,,,,,,,,,,,,,1,,,,,,,,,1,,,,1,,,,,
253,1,,,,,,,,,,,,,,,,,,,,,,,,,,,,,,,,1,,1,,,,,,,,,,,,,,,,,1,1,,,,1,,,,,,,,,,1,,,,,,3,,,,,,1,,,2,,,,1,,1,,,,,,,,1,,,,1,,,,,,,,,,,,,,,,,,,,,,,,,1,,,,,,,,,1,,,,,,,,,,,,,,,,4,1,,,,,,,,,,,,,,,,,,,,,,,,,,2,,,,,,,2,,,,,,,,,,,,,,,,,,,,,,,,,,,,,,,,,,,,,,,,,
254,,,,,,,,,,,,,,,,,,,,,,,,,,,,,,,,,1,,1,,,,,,2,,,,,,,1,,,,,1,,1,,1,,,,,,,,,,1,,,1,,,,,,,,,2,,,1,,,,2,,,1,,,,5,,,,,,,,,,,,,,,,,,,,,,,,,,,,,,,,1,,,,,2,,,,,,,,,,,,,,,,,,,,4,1,,,,,,,,,,,,,,,,,,,,,,,,,,,,,,,,,2,,,1,,,,,1,,,,,,,,,,,,,,,,,,,,,,,,,,,,,,,,,
255,,,,,,,,,,,,,,,,,,,,,,3,,1,,,,1,,,,,2,,,,,,,,2,,,,1,,,,2,,,,1,,,,,,,,,,,1,,,,,,,,,,,,,,,1,,,,,,,1,,1,1,,,,,,,1,,,,,,,,,,,,,,,,,,,,,,,,,,,,,1,,,,,,,,,,,,,,,,,,,,,,,,,2,1,,,,,,,,,,,,,,,,,,,,,,,,,,2,,,,,,,2,,,1,,,,,1,,,,,,,,,,1,,,,,1,3,,,,,,,,3,,,,3,,,,,
256,2,,,,,,,,,,,,,,,,,,,,,,,1,,,,,,,,,,,,,,,,,2,,,,1,,,,,,,,,,,,,,,,,,,,,,,,,,,,,,,,,,,,,,,,,1,,,,,,,,,,,,,,,,1,,,,,,,,,,,,,,,,,,,,,,,,,,,,,,,,,,,,,,,,,,,,,,,,2,2,,,,,,,,,,,,,,,,,,,,,,,,,2,,,,,,,,,,,,,,,,1,,,,,,,,,,,,,,,1,,,,,,,,,,,1,,,,,,,
257,,,,,,,,,,,,,,,,,,,,,,,,,,,,,,,,,1,,,,,,,,1,,,,1,,,,,,,,,,,,1,,,,,,,,,,,4,,,,,,,,,,,1,,,,,,,,,,,,,,,,,,,,,,,,,,,,,,,,,,,,,,,,,,,,,,2,,,,,,,,,,,,,,,,,,,,,,,,,3,2,,,,,,,,,1,,,,,,,,,,,,,,,,,,,,,,,,,,1,,,,,,,,,,,,,,,,,,,,,1,,,,,,,,,,,,,,,,,,
258,,,,,,,,,,,,,,,,,,,,,,2,,1,,,,1,,,,,1,,1,,,,,,1,,,,1,,,,,,,2,1,,,,1,,,,,,,1,,,1,2,,,,,1,,,,,,1,,,1,,,,,,,,,,,,,,,,,,,,,,,,,,,,,,1,1,,,,,,,,,,,,1,,,,,,,,,,,,,,,,,,,,,,,,,#VALUE!,1,,,,,,,,,2,,,,,,,,,,,,,,,,,2,,,,,,,,1,,,,,,,,,,,,,,,,,,,1,1,,1,,,,,,,,,,,,,,,,,,
259,,,,,,,,,,,,,,,,,,,,,,,,,,,,,,,,,1,,1,,,,,,1,,,,1,,,2,,,,2,,,,,,,,,,,,,,,1,,,,,,,,,,,,,,,1,,,,2,,1,,,,,,,,1,,,,,,,,,,,,,,,,,,,,,,,,,,,,,1,,,,,,,,,,,,,,,,,,,,,,,,,4,1,,,,,,,,,,,,,,,,,,,,,,,,,,,,,,,,,,,,,,,,,,,,,,,,,,1,,,,,,,,,,,,,,,2,,,,34,,,,1,
260,1,,,,,,,,,,,,,,,,,,,,,,,,,,,1,,,,,1,,,,,,,,2,,,,,,,1,2,,,1,1,,1,,,,,,,,,1,,,2,2,,,,,2,,,,,,1,,,,,,,2,,,1,,,,,,,,,,,,,1,,,,,,,,,,,,,,,,,,,,,,,3,,,,,,,,,,,,,,,,,,,,,,,1,,3,2,2,,,,,,,,,,,,,,,,,,,,,,,,,2,1,,,,,,2,,,2,,,,,1,,,,,,,,,,,,,,,2,,,,,,,,,1,,,,1,,,,1,
268,1,,,,,,,,,,,,,,,,,,,,,2,,3,,,,,,,,,,,1,,,,,,1,,,,,,,2,1,,,2,,,,,1,,,,,,,,,,,,,,,,2,,,,,,1,,,,,,,2,,1,1,2,,,,,,,,,,,,,,,,,,,,,,,,,,,,,,,,,,,1,,,,,,,,,,,,,,,,,,,,,,,,,2,2,,,,,,,,,,,,,,,,,,,,,1,,,,,,,,,,,,,,,,,,,,,,,,,,,,,,,,,,,1,,,,,,,,,1,,,,,,,,,
269,1,,,,,,,,,,,,,,,,,,,,,3,,1,,,,1,,,,1,,,1,,,,,,,,,,,,,,,,,2,1,,,,1,,,,,,,1,,,2,,,,,,2,,,,,,2,,,,,,,,,,1,,,,,2,,1,,,,,,,,,,,,,,,,,,,,,,,1,,,,,,,,,,,,,,,,,,,,,,,,,,,,,,,2,1,,,,,,,,,,,,,,,,,,,,,1,,,1,,,2,,,,,,1,,,,,,,,,,,2,2,,,,,,,,,2,,1,,,,,,,,,,,,1,,,,,,
270,1,,,,,,,,,,,,,1,,,,,,,,,,,,,,1,,,,,,,,,,,,,1,,,,1,,,1,,,,1,2,,,,1,,,,,,,,,,,3,,,,,1,,,,,,1,,,,,,,1,,1,1,1,,,,,,1,,,,,,,,,1,,,,,,,,,,,,,,,,,,,,3,,,,,1,,,,,,,,,,1,,,,,,,,3,,2,,,,,,,,,,,,,,,,,,,,,,,,,#VALUE!,,,,,,,,3,,,,,,,,,,,,,,,,,,,,,,2,,1,,,,,,,,,,,,1,1,,,,1,
272,1,,,,,,,,,,,,,,,,,,,,,,,,,,,,,,,,,,1,,,,,,1,,,,,,,,1,,,2,1,,,,,,,,,,,,,,1,,,,,,,,,,,,1,,,2,,,,1,,,1,,,,,,,1,,,,,,,,,5,,,,,,,,,,,,,,,,,,,,,,,,,,,,,,,,,,,,,,,,,,,,,3,2,,,,,,,,,,,,,,,,,,,,,,,,1,,,1,,2,,,,2,,,,,,,,,,,,,,,,,,,,,1,,1,,,,,,,,,,,,,2,,1,,,
273,1,,,,,,,,,,,,,,,,,,,,,3,,,,,,1,,,,,,,1,,,,,,1,,,,,,,1,,,,2,1,,,,1,,,,,,,,,,,,,,,,1,,,,,,1,,,,,,,2,,,,,,,,,,,,,,,,,,,,,,2,,,,,,,,,,,,,,,,,1,,,,,,,,,,,,,,,,,,,,,,,,,2,2,,,,,,,,,,,,,,,,,,,,,,,,,,,,,,,,,,1,,1,,,,,,,,,,,,,,,,,,,,1,,,,,,,,,1,,,,,,,,,
274,1,,,,,,,,,,,,,,,,,,,,,,,4,,,,,,,,,,,1,,,,,,,,,,,,,1,,,,1,2,,1,,1,,,,,,,,,,,,,,,,1,,,,,,2,,,,,,,3,,,1,,,,,,,,,,,1,,,,,,,,,,,,1,,,,,,,,,,,,,1,,,,,,,,,,,,,,,,,,,,,,,1,,3,1,,,,,,,,,,,,,,,,,,,,,,,,,,,,,,,,,2,,,1,,,,,,,,,,,,,,,,,,,,1,4,,,,,,,,,,,,,,,,,
275,,,,,,,,,,,,,,2,,,,,,,,,,,,,,,,,,,,,1,,,,,,2,,,,,,1,,,,,,2,,,,,,,,,,,,,,,,,,,,2,,,,,,2,,1,,,,,2,,,1,,,,,,,,,,,,,,,,,,,,,,,,,,,,,,,,,,,,2,,,,,,,,,,,,,,,,,,,,,,,1,,3,1,,,,,,,,,,,,,,,,,,,,,,,,,,2,,,,2,,1,3,,,1,,,,,,,,,,,,,,,,,,1,,1,2,,,,,,,,1,,,,,,,,,
276,1,,,,,,,,,,,,,,,,,,,,,2,,,,,,,,,,,,,,,,,,,2,,,,,,,,,,,2,2,,,,1,,,,,,,1,,,,,,,,,,,,,,,1,,,,,,,1,,,1,,,,,,,,,,,,,,,,,,,,,,,,,,,,,,,,,,,,1,,,,,,,,,,,,,,,,,,,,,,,,,2,2,,,,,,,,,,,,,,,,,,,,,,,,,,2,,,,,,,,,,,,,,,,,,,,,,,,1,,,,,,2,,,,,,,,,,,,,,,,,,
277,,,,,,,,,,,,,,,,,,,,,,5,,2,,,,,,,,,,,1,,,,,,,,,,,,,,,,,,2,,,,1,,,,,,,,,,1,,,,,,,,,,,,1,,,,,,,1,,,1,,,,,,,,,,,,,,,,4,,,,,,,,,,,,,,,,,,,,1,,,,,2,,,,,,,,,,,,,,,,,,,,2,1,,,,,,,,,,,,,,,,,,,,,,,,,,,,,,,,,3,,,,,,,,,,,,,,,,,2,,,,,,3,,,,,,,,,,,,,,,,,,
278,2,,,,,,,,,,,,,,,,,,,,,,,#VALUE!,,,,,,,,,,,,,,,,2,1,,,,,,,,,,,1,,,,4,1,,,,,,,3,,,,,,,,,1,,,,,,,,,,,,,1,,,,,,,,,,,,,,,,,,1,,,,,,,,,,,,,,,,,,,,,1,1,,,,,,,,,,,,,,,,,,1,,,,,,3,2,,,,,,,,,1,,,,,,,,,,,,,,,,,,,,2,,,,,,,,,,,,,,,1,,,3,,,,,,,,,1,,,,,,,,,,,1,,2,,,,,
279,,,,,,,,,,1,,,,,,,,,,,,,,2,,,,,,,,,,,1,,,,2,,1,,,,,,,,,,,,,,1,,1,,,,,,,,,,,,,,,,2,,,,,,,,,,,,,,,1,1,,,,,,,,,,,,,,,,,,,1,,,,,,,,,,,,,,,,,1,,,,,2,,,,,,,,,,,,,,,,,,,,2,1,,,,,,,,,2,,,,,,,,,1,,,1,,,,,,,,2,,,,,,,,,,,,,,,,,,,,,,,,,1,,2,,,,,,2,,,,,,,4,,,,2,
280,1,,,,,,,,,,,,,,,,,,,,,,,2,,,,,,,,1,,,,,1,,,,,,,,,,,1,1,,,1,2,,,,2,,,,,,,,,,,,,,,,3,,,,2,,2,,,,,,,2,,,1,,,,,,,,,,,,1,,,,,,,,,,,1,1,,,,,,,,,,,,1,,,,,,,,,,,,,,,,,,,,,,,,,4,1,,,,,,,2,,6,,,,,,,,,,,,1,,,1,,,,,,,,,2,1,,,,,,,,,,,,,,,,,,,,2,,1,,,,,,,,,,,,1,2,2,,,1,
281,,,,,,,,,,,,,,,,,,,,,,,,1,,,,,,,,,,2,1,,1,,,,,,,,1,,1,,1,,,2,2,,1,,1,,,,,,,1,,,,,,,2,,5,,,,1,,2,,1,,,,,2,,,,2,,,,1,,,,,,,1,,1,,,,,,,,,2,,,,,,,,,,,,,,,,,,2,,,,,,,,,,,,,,,,,,,1,3,1,4,,,1,,,1,,,,,,,,,,,,,,,,,2,,2,,,2,,,,1,,2,1,,,,,,,,1,2,,,,,,,,,,,1,,,,,,,,,,,,1,2,1,,,,
282,,,,,,,,,,,,,,2,,,,,,,,,,,,,,1,,,1,,,2,1,,1,,,,1,,,,1,,,,,,,1,,,1,,1,,,,,,,,,,,2,3,,,,3,,,,1,,3,,,,,,,2,,1,,,,,,2,,,,,,1,1,,,,,,,,,,,,,,,,,,,,,,,,1,,,,,,,,,,,,,,,1,,,,,,,,,1,2,,,,,1,,,1,,,,,,,,,,,,,,,,,1,,1,,,,,,,,,,2,,,,,,,1,,1,,,,,,,,,1,,1,6,,,,,1,,,,,,2,1,,,,2,
284,,,,,,,,,,,,,2,,,,,,,,,,,6,,,,,,,,1,,2,,,,,,,,,,,,,,1,,,,1,,,1,,1,,,,,,,,,,,,,,,,2,,,,,,1,,,,,,,1,,,,,,,2,,,,,,,,,,,,,,,,,,,,,,,,,,,,,,,,2,,,,,,,,,,,,,,,,,,,,,,,,,2,,,,,,,,,,1,,,,,,,,,,,,1,,,,,,,,,,,,,,,,,,1,,,,,,,,,,,1,,,,,,,3,,,,,,,,1,,,,2,,,,,
286,,,,,,,,,,,1,,,,,,,,,,,,,,,,,1,,,,1,,2,,,1,,,,,,,,,,,,,,,,1,,1,,,,,,,,,,,,,,,,,,4,,,,1,,1,,,,,,,1,,,,2,,,,,,,,,,,,,,,,,,,,,,,,,,,,,,,,,,,1,,,,,,,,,,,,,,,,,,,,,,,,,2,,6,,,1,,,1,,,,,,,,,,,,,,,,,1,,2,,,,,,,1,1,,1,,,,,2,,,,2,,,,,,,,,2,,2,,,,,,,,,,,,1,2,,,,,
287,,,,,,,,,,,,,,,,,,,,,,,,2,,,,2,,,,,,,1,,1,,,,,,,,,,,,1,,,2,1,,1,,1,,,,,,,,,,,,,,,,2,,,,1,,2,,1,,,,,1,,,,2,,,,,,,,,,,1,,,,,,,,,,,,,,,,,,,,,,,,1,,,,,,,,,,,,,,,1,,,,,,,,,,2,,,,,1,,,1,,,,,,,,,,,,,,,,,2,,,,,,2,,,,3,,2,,,,,2,,,,,,,,,,,,,1,,1,4,,,,,,,,1,,,,2,,,,,
288,,,,,,,,,,,,,,,,,,,,,,,,,,,,1,,1,2,,,,,,1,,,,1,,,,1,,,,,,,,2,,,,1,,,,,,,1,,,,,,,2,,3,,,,2,,3,,,,,,,3,,,1,,,,,1,,,,,,,,,,,,,,,,,,1,,,,,,,,,,,,,1,,,,,,,,,,,,,,,,,,,,,,,,,1,,,,,1,,,2,,,,,,,,,,,,,,1,,,1,,3,1,,,,,,,,,,,,,,,,,,2,,,,,,,,,1,,2,,,,,,,,,,,,1,,,,,,
289,,,,,,,,,,,,,,,,,,,,,,,,,,,,1,,,,,,,1,,3,,,,,,,,1,,,1,,,,,2,,1,,,,,,,,,,,,,2,,,,,2,,,,1,,3,,,,,,,4,,1,1,,,,,,,,,,,,,,,,,,,,,,,1,,,,,,,,,,,,,,,,,,,,,,,,,,,1,1,,,,,,,,,,2,,1,,,1,,,2,,,,,,,,,,,,,,,,,1,,,,,,,,,,,,,,,,,,,,,,,,,,,,,,2,,2,,,,,,,,,,,,1,3,,,,,
290,,,,1,,,,,,,,,,,,,,,,,,,,2,,1,,1,,,,1,,1,1,,1,,,,,,,,1,,,1,,,,,,,,,1,,,,,,,,,,,2,,,,,2,,,,1,,3,,,,,1,,1,,,1,1,,,,1,,,,,,,,,,,,,,,,,,2,,,,,,,,,1,,,,2,,,,,,,,,,,,,,,1,,,,,,,,,1,1,,,,,,,,1,,,,,,,,,,,,,,,,,,,2,,,,,,,,,,1,,,,,,,,,,,,,,,,,,1,,1,,,,,,,,,,,,2,2,,,,,
291,1,,,,,,,,,,,,,,,,,,,,,,,,,,,1,,,,1,,,,,2,,,,,,,,1,,,1,,,,,1,,,,1,,,,,,,,,,,,,,,,1,,,,1,,4,,1,,,,,4,,1,,,,,,,,,,,,,,,,,,,,,,,,1,,,,,,,,,,,,,,,,,,1,,,,,,,,,,,,,,,,,,,,2,1,,,,,,,3,,2,,,,,,,,,,,,,,,,,,1,,,,,,,,,1,,,,,1,,1,,,,,,,,,,,2,,,,,,,,,,,,,,1,2,,,,,
292,,,,,,,,,,,,,,1,,,,,,,,,,3,,,,,,,1,,,,,,,,,,,,,,,,1,1,,,,1,,,1,,1,,,,,,,,,,,,,,,,1,,1,,,,1,,,,,,,,,,,2,,,,,,,,,,,,,,,,,,,,,,,,,,,,,,,,,,,1,,,,,,,,,,,,,,,,,,,,,,,,,3,1,1,,,,,,,,1,,,,,,,,,,,,1,,,,,4,,,,,,,,,,1,,,,,,,,1,,,,,,2,,,,1,,1,,,,,,1,,,2,,,,6,,,,,
293,,,,,,,,,,,,,,,,,,,,,,,,1,,,,,,,,,,,,,,,,,1,,,,1,,1,1,,,,,1,,,,1,,,,,,,,,,,,,,,,2,,,,,,1,,,,,,,1,,,,,,,,,,,,,,,,,,,,,,,,,,,2,,,,,,,,,,,,1,,,,,,,,,,,,,,,1,,,,,,,,,1,4,,,,,,,,,,,,,,,,,,,,,,,,,,,,,,,,,,1,,,,,,,,,,,2,,,,,,,,,,,,,,,,,,1,,,1,,,,2,,,,1,
294,,,,,,,,,,,,,,,,,,,,,,,,7,,,,,,,,,,,,,1,,,,1,,,,,,,,,,,2,1,,1,,1,,,,,,,,,,,,,,,,2,,,,,,1,,1,,,,,,,,,,,,,,,,,,,,,,,,,,,,,,,,,,,,,,,,,,,,1,,,,,,,,,,,,,,,1,,,,,,,,,,2,1,,,,,,,,,,,,,,,,,,,,,,,,,,,,,1,,,,,,,,,,,,,,,,,,,,,,,,,1,,,,,,,,,,,,,,,2,,1,,,
295,,,,,,,,,,,,,,,,,,,,,,,,,,,,,,,1,,,,1,,1,,,,2,,,,1,,,,,,,1,1,,1,,1,,,,,,,,,,,2,,,,,2,,,,,,2,,,,,,,1,,,,,,,2,,,,,,,1,,,,,,,,,,,,,,,,,,1,,,,,,,,,,,,,,,,,,,,,,1,,,,,,,,,,,,,,,,,,1,,,,,,,,,,,,,,1,,,,,1,,,,,,,,,,1,,,1,,,,,,,,,,,,,,,2,,1,,,,,,,,,1,,,,2,,,,,
296,,,,,,,,,,,,,,,,,,,,,,,,2,,,,,,,,,,1,,,2,,,,,,,,,,,,,,,,2,,#VALUE!,,1,,,,,,,,1,,,,,,,,2,,,,,,2,,,,,,,1,,1,,,,,,,,,,,,,,,,,,,,,,,,1,,,,,,,,,,,,,,,,,,,,,,,,,,,,,,,,,,,,,,1,,,,,1,,,,,,,,,,,,,,,,,,,,,,,,,,,,,,,,1,,,1,,2,,,,,,,,,,,,,,,1,,,,,,,,,,1,,,2,,,,1,
297,,,,,,,,,,,,,,,,,,,,,,,,1,,,,,,,,,,4,,,2,,,,2,,,,,,,,,,,2,,,,,1,,,,,,,,,,,,,,,,2,,,,1,,1,,,,,,,2,,,,,,,,,,,,,,,,,,,,,,,,,,,,,,,,,,,,,,,,,,,,,,,,,,,,,,,,,,,,,,1,,,,,,,,,,1,,,,,,,,,,,,,,,,,,,2,,,,4,,,,1,,1,,,1,,,,,,,,,,,,,,,,,,3,,,,,,,,1,,,1,1,,,,,
298,,,,,,,,,,,,,1,1,,,,,,,,,,,,,,,,,,1,,,,,,,,,2,,,,,,,,,,,1,,,1,,2,,,,,,,,,,,,,,2,,3,,,,,,,,1,,,,,1,,1,1,,,,,1,,,,,,,,,,,,,,,,,,,,,,,,3,,,,,,,1,,,,,,,,,,,,,,,,,,,,,,,,,2,1,,,,,,,2,,,,,,,,,,,,,,1,,,,,3,,,6,1,,,,2,1,,,,,,,,,,,,,,,1,,,,2,1,1,3,,,,,,,,,,,1,2,,,,,
304,1,,,,,,,,,,,,,,,,,,,,,3,,1,,1,,,,1,,,,,1,,,,,,2,,,,1,,1,,2,,,,,,,,,,,,,,,,,,,4,,,,,2,,,,,,1,,3,,,1,,,,,,,,,,,,,,,,,,,,,13,,,,,,,,,,,,,,,,,,,,2,,,,1,,,,,,,,,,,,,,,,,,,,,2,1,,,,,,,1,,2,,,,,,,,,,,,,,,1,,,1,,2,,,,2,1,,,,1,,,,,,1,,,,,,1,,,,1,,4,,,,,,,,,,,,1,2,,,,,
305,1,,,,3,,,,,,,,1,1,,,,,,,,2,,6,,,,,,,,,,,,,,,,,3,,,,,,1,,,,,,1,,,,1,,,,,,,,,,,,,,,,2,,,,,,2,,1,,,,,1,,,,2,,1,,3,,1,,,,,,,,,19,,,,,,1,1,,,,,,,,,,,,,1,,,,,,,,,,,,,,,2,,,,,,,,,,2,1,,,,1,,,2,2,3,,,,,,,,,,,,,,,1,,,2,,,2,,,,,2,1,,,,,,,,2,3,,,,,,,,,,1,1,,,,,,1,,,1,,,2,5,,,,1,
308,1,,,,,,,,,,,,,1,,,,,,,,,,1,,,,1,,,,,,2,,,2,,,,3,,,,1,,,,,,,2,,,1,,1,,,,,,,,,,1,,,,,,3,,,,,,1,,,1,,,,1,,,1,,,,2,1,1,2,,,,,,,,,,,,,,,,,,,,,,,,,,,,,1,,,,,2,,,,,,,,,,,,,,,,,,,,2,2,2,,,,,,1,,1,,,,,,,,,,,1,,,,1,,,2,,2,,,,2,5,,,,,,,1,,,1,,,,,,1,,,,3,,1,,,,,,,,,,,,1,,,,,,
309,1,,,,,,,,,,,,,,,,,,,,,3,,1,,,,,,,,,,,,,,,,,2,,,,1,,,1,,,,,2,,1,,1,,,,,,,,,,,,,,,,2,,,,,,2,,,,,,,2,,,1,,,,,,,,,,,,,,,,,,,,,,,,,,,,,,,,,,,,1,,,,,,,,,,,,,,,,,,,,,,,1,,1,,,1,,,,,1,,,,,,,,,,,,,,1,,,1,,,,,1,,,,,,,,,,,,2,,,,,,,,,1,1,,,1,,1,,,,,,,,,,,,,1,,,,,
310,1,,,,,,,,,,,,,,,,,,,,,1,,1,,,,2,,,,,,,,,,,,,2,,,,,,,,1,,,1,,,1,,,,,,,,,,,,,,,,,,5,,,,,,1,,,,,,,,,,1,,,,,,,,,,,,,,,,2,,,,,,,,1,,,,,,,,,,,,1,,,,,,,,,,,,,,,,,,,,,,,,,2,1,,,,,,,,,,,,,,,,,,,,,1,,,,,1,,,1,,,,2,,,,,,,,2,,,,,,,,,,,,,1,,2,,,,,,,,,,,,,1,,,,,
311,,,,,,,,,,,,,,,,,,,,,,,,1,,,,2,,,,,1,,1,,,,,,1,,,,,,,,1,,,1,1,,1,,1,,,,,,,,,,,,,,,,4,,,,,,1,,,,,,,3,,,,,,,,,,,,,,,,,,,4,,,,,,,,,,,,,,,,,,,,1,,,,,,,,,,,,,,,,,,,,,,,,,3,1,,,,,,,,,1,,,,,,,,,,,,,,,,,1,,,,,,,,,,,,,,,,,,,,,,,,,,,,,,2,,,,,,,,,,,,,,,,,,
315,,,,,3,,,,,,,,,,,,,,,,,,,,,,,1,,,,,,1,,,1,,,,4,,,2,,,,,1,,,3,1,,,,1,,,,,,,,,1,2,2,,,,,5,,,,,,1,,2,,,,,1,,,1,,,,,,,,,2,,,,,,,8,,,,1,,,,,,,,,,,,,,,,1,,,,,,,,,,,,,,,,,,,,,1,,,,3,1,,,,,,,1,,4,1,,,,,,,,1,,,,,,,,1,1,,,,,,2,1,,,,,,,2,1,,2,,,,,,,1,,,,,1,,,,,,,,,,,,,2,,,,,
316,2,,,,2,,,,,,,,,,,,,,,,,3,,2,,,,1,,,,,,,,,,,,,2,,,,1,,1,2,1,,,2,,,,,1,,,,,,,3,,,1,2,,,,,3,,,,,,1,,72,1,,,,2,,,1,,,,,,,,,,,,,,,,,,,,,,,,1,,,,,,,1,2,,,,1,,,,1,,,,,,,,,,,,,,,,,1,,,,3,2,,9,,,,,1,,,,,,,,,,,,,,,,,1,,2,,,1,,,,3,3,,,,,,,1,,,,,,,,,1,,,,,,,,,,,,,,,,,,,3,,,,1,
317,1,,,,,,,,,,,,1,,,,,,,,,5,,4,,,,,,,,1,,2,1,,,,,,1,,,,,,1,1,2,,,2,3,,2,,2,,,,,,,,,,1,,,,,,3,,1,,,,2,,1,,,,,1,,1,1,,,,,1,,,,3,,1,,,,,3,,,,1,,,,,,,,,,,,,,,,1,,,,,,,,,,,,,,,,,,,,,,,,,2,2,8,,,,,,1,1,3,,,,,,,,,,,,,,,2,,,1,,,,,,1,2,,,,,,,,,,1,,,,,,,,,,,,2,,,,,,,,,1,,,1,2,,,,,
318,1,,,,,,,,,,,,,,,,,,,,,3,,4,,,,,,,1,,,1,,,,,,,2,,,,1,,2,1,,,,2,2,,,,1,,,,,,,1,,1,1,,,,,,2,,,,,,2,,2,,,,,2,,,,,,,,,,,,,,,,,,,,,,,,,,1,,,,,,,,,,,,,2,,,,,,,,,,,,,,,1,,,,,,,,,1,4,2,1,,,,,,1,2,3,,,,,,,,,,,,,,,1,,1,,,,,,,,4,1,,,,,,1,,,1,,,,,,2,,,,1,,1,,,,,,,,,1,,,,2,,,,,
319,1,,,,,,,,,,,,,,,,,,,,,,,2,,,,1,,,,,,2,1,,1,,,,1,,,,1,,,,,,,3,,,,,2,,,,,,,,,,,2,,,,,1,,,,,,2,,1,1,,,,,,,,,,,,,,1,,1,,,,,,,,,,,,,,1,,,,,,2,,,,,,,1,,,,,,,,,,,,,,,1,,,,,,,,,,3,1,2,,,,,,1,,,,,,,,,,,,,,,,,2,,6,,,,,,,,,1,,,,,,,,,1,3,,,,,,,,,2,,2,,,,,,,,,1,,,,2,,,,,
320,,,,,3,,,,,,,,,,,,,,,,,,,4,,,,,,,,,,,1,,,,,,,,,,,,,,1,,,1,1,,,,1,,,,,,,,,,1,1,,,,,1,,1,,,,2,,,,,,,1,,,,,,,,,,,,,,,,,,,,,,,,,,,,,,,,,,,,,,,2,,,,,,,,,,,,,,,,,,,,,,,,,3,3,5,,,,,,,,,,,,,,,,,,,,,,,1,,3,,,,1,,,,,,,,,,,,,,1,,,,,,,,,,1,,1,,,,,,,,,1,,,,1,,,,,
321,,,,,2,,,,,,,,,,,,,,,,,4,,,,,,,,,,,,,,,,,,,1,,,,,,,1,2,,,1,2,,,,1,,,,,,,,,,1,,,,,,2,,,,,,2,,,1,,,,2,,,1,,,,,,,,,,,,,,,,,,,,,,,,,,,,,,,,,,,,1,,,,,,,,,,,,,,,,,,,,,,,,,3,1,4,,,,,,,1,6,,,,,,,,,,,,2,,,1,,,1,,,,,,,,1,,,,,,2,,,2,,,,,,,,,,,,1,,,,,,,,,1,,,1,1,,,,,
322,1,,,,,,,,3,,,,,,,,,,,,4,,,1,,,,,,,,,,2,,,1,,,,,,,,,,,1,,,,2,,,1,,1,,,,,,,,,,1,,,,,,2,,,,,,2,,,,,,,2,,,,1,,,,,,,,,,1,,,,,,,,,,,,1,,,,,,,,,,,,,1,,,,,,,,,,,,,,,,,,,,,,,,,2,1,,,,,,,,,,,,,,,,,,,,,,,,,,,,,,,,,5,,1,,,,,,1,,,1,,,,,,1,,,,,,2,,,,,,,,,,,,1,,,,,,
323,,,,,1,,,,,,,,,,,,,,,,,,,,,,,1,,,,,,,1,,,,,,,,,,,,,,,,,,2,,,,2,,,,,,,,,,,,,,,,2,,,,,,3,,,,,,,1,,,,1,,,,1,,,,,,1,,,,,2,,,,,,,1,,,,1,,,,,,,,,1,,,,,,,,,,,,,,,,,,,,,,,,,2,,,,,,,,1,,,,,,,,,,,,,,,,,1,,2,,,,,,,,,1,1,,,,,,,,,,,,,,,,,,1,,2,,,,,,,,,,,,1,,,,,,
324,,,,,,,,,,,,,,,,,,,,,,,,2,,,,1,,,,,,1,1,,1,,,,1,,,,,,,1,1,,,2,1,,,,1,,,,,,,,,,1,,,,,,2,,,,,,1,,,1,,,,5,,1,,,,,,,,1,,1,,,,,,,,,,,,,,1,,,,,,,,,,,,,,,,,,,,,,,,,,,,,,,,,,,,,,2,1,,,,,,,1,,1,,,,,,,,,,,,2,,,,1,,,,1,,,,3,,,,,,,,,,,,,,,,,2,,,,,,3,,,,,,,,,,,,,,,,,1,
325,,,,,,,,,,,,,,,,,,,,,,,,,,,,1,,,,1,,,,,1,,,,1,,,,,2,,,,,,,2,,,,1,,,,,,,,,,1,,,,,,3,,,,,,1,,,1,,,,1,,,,,,,,,1,,,,,1,,,,,,,,,,,,,,,,,,,,,,,,,2,,,,,2,,,,,,,,,,,,,,,,,,,,3,1,,,,,,,,,,,,,,,,,,,,,,,,1,,,,,,,,,,2,1,,,,,,1,,,1,,,,,,,,,,,,1,,,,,,,,,,,,,1,,,,,
326,,,,,,,,,,,,,,,,,,,,,,,,4,,,,1,,,,,,,,,1,,,,,,,,,,,,,,,,2,,,,2,,,,,,,,,,,,,,,,1,,,,,,,,,,,,,2,,,,,,,,,,2,,,,,,,,,,,,,,,,,,,,,,,,,,,,,1,,,,,,,,,,,,,,,,,,,,,,,,,3,1,,,,,,,2,,,,,,,,,,,,,,,,,,,,,,,,,,,,,,,,,,,,,2,,,,,,,,,,2,,1,,,,,,,,,,,,,2,,,,1,
327,,,,,,,,,,,,,,,,,,,,,,,,5,,,,1,,,,,,,,,2,,,,1,,,,,2,1,1,,,,,2,,1,,1,,,,,,,,,,1,,,,,,2,,,,,,1,,,,,,,1,,,1,1,,,2,,,2,,,,,,,,,,,,,,,,,,,,,,,,,,,,,1,,,,,,,,,,,,,,,,,,,,,,,,,2,1,3,,,,,,1,,,,,,,,,,,,,,,,,1,,,,,3,,,,3,,,,,,,,,,,2,,,,,,,1,,,2,,1,,,,,,,,,,,,,,,,,2,
328,,,,,,,,,,,,,,,,,,,,,,,,1,,,,,,,,,,,,,,,,,1,,,,,,,,,,,2,,,,,1,,,1,,,,,,,,2,,,,,2,,1,,,,1,,1,,,,,,,,,,,,,,,,,,,,,,,,7,,,1,,,,1,1,,,,,2,,,,,,,1,,,,,,,,,,,,,,,,,,,,,,,,,2,1,,,,,,,1,,,,,,,,,,,,,,,,,1,1,,,,,2,,,,,,,,,,,,,,1,,,,,,,,,,,2,2,,,,,,,,,,,,,8,,,,,
329,1,,,,,,,,,,,,,1,,,,,,,,,,2,,,,,,,,,,2,1,,,,,,2,,,8,1,,,,,,,4,,,,,2,1,,,,,,,,,,,,,,,,,,,,,1,,,,,,,4,,,2,,,,,,,,,,,,,,,,,,,,,,,,1,,,,,,,,,,,,1,,,,,,,,,,,,,,,,,,,,,,,,,3,1,,1,,,,1,2,,,,,,,,,,,,,,1,,,,2,,,,3,1,,,,1,,,,,,,,,,1,,,,,,,,,,,,,,,,,,,,,,,,,5,,,,,
330,,,,,,,,,,,,,,,,,,,,,,,,1,,,,,,,,1,,2,1,,,,,,1,,,1,,,,,,,,,,,,,2,,,,,,,,,,,,,,,,2,,,,,,2,,,,,,,1,,,,,,,,,,,,,,,,,,,1,,,,,,,,1,,,,,,,,2,,,,,,,,,1,,,,,,,,,,,,,,,,,,,,2,2,,,,,,,1,,,,,,,,,,,,,,1,,,1,2,,,,,,,,,5,,,,,,,,,,1,,,,,,,,,,1,,1,,,2,,,,,,,,,,1,,,,,
331,1,,,,,,,,,,,,,,,,,1,,,,,,2,,,,,,,,1,,,1,,,,,,1,,,,,,,,,,,,,,,,1,,,,,,,,,,,,,,,,2,,1,,,,2,,2,,,,,1,,,,,,,,,,,,,,,,,,,2,,,,,,,,2,,,,,,,,6,,,,1,,,,,2,,,,,,,,,,,,,,,,,,,,4,1,,4,,,,,,,4,,,,,,,,,,,,2,,,1,,,,,,,,,2,1,,,,,,,,,,2,,,,,,,,,,1,,2,,,1,,,,,,,,,,2,,,,1,
332,1,,,,,,,,,,,,,,,,,,,,,,,3,,,,,,,,,,1,1,,,,,,1,,,,,,1,,,,,,,,,,1,,,,,,,,,,,2,,,,,1,,3,,,,2,,,,,,,2,,1,,,,,,,,,,,,,,,,,,,,,,,,,3,,,,,,,,,,,,,,,,,,,,,,,,,,,,,,,,,,,,,3,1,,7,,,,,1,,2,,,,,,,,,,,,,,,1,,,,,,,,,,,1,,,,,,,,,1,,,,,,,,,,1,,2,,,2,,,1,,,,,,,3,,,,,
333,2,,,,,,,,,,,,,,,,,,,,,3,,10,,,,,,,,,,2,1,,,,,,3,,,,,,1,,,,,,,1,,,1,,,,,,,2,,,,,,,,,2,,1,,,,2,,4,,,,,1,,,1,,,,,1,,,,,,,,,,,,,,,,,,,2,,,,,2,,,1,,,,1,,,,,,,,,,,,,,,1,,,,,,,,,,4,1,,,,,,,1,1,7,,,,,,,,,,,,,,,1,,3,1,,,,,,,2,,,,,,,,,,2,,,,,,,,,,,1,1,,,3,,1,,1,,,,,,2,,,,,
334,1,,,,,,,,,,,,,1,,,,,,,,3,,17,,,,,,,,1,,,1,,,,,,2,,,,,,,,,,,,,,,,,,,,,,,,,,,,,,,,1,,2,,,,1,,1,,,,,1,,,1,,,,,1,,,,,,1,,,,,,,,,,,,,,,,,,,,,,,,,1,,,,,,,,,,,,,,,,,,,,,,,,1,2,2,,,,,,,1,1,2,,,,,,,,,,,,,,,1,,2,,,1,,,,,,,,,,,,,,,1,3,,,,,,,,,,1,1,,,1,1,,,,,,,,,3,,,,,
335,1,,,,,,,,,,,,,,,,,,,,,,,3,,,,,,,1,,,1,1,,,,,,1,,,,,,1,,,,,1,,,,,1,,,,,,,,,,,,,,,,2,,,,,,1,,,1,,,,,,,1,,,,,,,,,,,1,,,,,,,1,,,,,1,2,,,,,,,,,,,,1,,,,,,,,,,,,,,,,,,,,,,,,,3,1,,,,,,,,1,3,,,,,,,,,,,,,,,#VALUE!,,,1,,,,,,1,2,,,,,,,,,,1,,,,,,,,,,,,1,,,,,,,,,,,,,1,,,,,
336,,,,,3,,,,,,,,,,,,,,,,,,,37,,,,,,,,1,,1,1,,,,,,1,,,2,,,1,,1,,,1,,,,,1,,,,,,,1,,,,,,,,,2,,,,,,2,,8,,,,,,,,,,,,,,,,,,,,,,3,,3,,,1,,,,,1,,,,,,,,,,,,1,,,,,1,,,,,,,,,,1,,,,,,4,,,,1,1,,6,,,,3,1,1,9,,,,,,,,,,,,,,,2,,,1,,,2,,,,1,1,,,,,,,,,1,,,,,,,,,,1,,1,,,2,2,,,,,,,,,1,,,,,
337,1,,,,,,,,,,,,,,,,,,,,,,,3,,,,,,,,,,,1,,,,,,2,,,,,4,1,,1,,,,2,,,,1,,,,,,,,,,2,,,,,,1,,,,,,1,,,2,,,,1,,,,,,,,,,2,,,,,,,,,3,,,,,,,,,,,,,,,,,,,,,,,,,,,,,,,,,,,,,,,,,,,,,2,3,11,,,,,,1,,,,,,,,,,,,,,,7,,,1,,,,2,,,,2,,,,,,,,,,,,,,,,,,,,,1,,2,,,,,,,,,2,,1,,1,,,,1,
338,1,,,,,,,,,,,,,,,,,,,,,,,6,,,,,,,,,1,,1,,1,,,,,,,,,,,1,,,,,1,,1,,1,,,,,,,,,,1,,,,,,3,,,,,,1,,1,,,,,1,,,,,,,,,,1,,,,,,,,,,,,,,,,1,1,,,,,,,,,,,,,,,,,,,,,,,,,,,,,,,,,,,,,3,,,,,,,,,,2,,,,,,,,,,,,,,,,,1,,,,,,,3,,,,,,,,2,,,,,,,,,,,,,,,1,,,,,,,,,1,,,,1,,,,1,
339,,,,1,,,,,3,,,,,,,,,,,,,,,,,,,,,,,1,1,,,,1,,,,,,,,,4,,1,,,,8,2,,1,,,,,,,,,,,,1,,,,,,1,,,,,,1,,5,2,,,,3,,1,,,,,,,,2,,,,,,,,,,,,,,,,1,1,,,,,,,1,,,,,1,,,,,1,,,,,,,,,,,,,,,,,,,,1,1,,1,,,,,1,,,,,,,,,,,1,,,,,,,1,,1,,,,,,,,1,,,,,,,,,,,,,,,2,,,,1,,,5,,,,,,,,,,,,,,,,1,
340,,,,,,,,,,,,,,,,,,,,,,,,1,,,,,,,,,,,1,,1,,,,,,,,,,,,1,,,2,2,,,,,,,,,,,,,,,,,,,,2,,,,,,1,,6,3,,,,3,,,,,,,,,,,,,,,,,2,,,,,,,,,2,,,,,,,,1,,,,,,,,,,,,,,,,,,,,,,,,,,,,,,4,2,7,,,,,,,,1,,,,,,,,2,,,,1,,,,,1,,,,,,,4,,,,,,,,2,,,,,,,,,,,,,,,,,,,,,,,,,,,,1,,,,,
341,,,,,,,,,,,,,,,,,,,,,,,,1,,,,,,,,,,,1,,1,,,,,,,,,,,2,1,,,,1,,,,1,,,,,,,,,,2,,,,,,2,,,,,,2,,,1,,,,2,,2,,,,,,,,,,,,,,,,,2,,,,,,,,,,,,,,,,,,,,,,,,,,,,,,,,,,,,,,,,,,,,,2,,,,,,,,1,,3,,,,,,,,1,,,,1,,,,,2,,,,,,,,,,,,,,,2,,,,,,,,,,,,1,2,,,,,,,,,,,1,,,,3,,,,,
342,,,,,,,,,,,,,,,,,,,,,,,,1,,,,1,,,1,,1,2,1,,1,,,,,,,,,2,,,1,,,2,2,,1,,1,,,,,,,,,,2,1,,,,,3,,,,,,2,,,,,,,3,,,1,,,,,,,,,,,,1,,,,1,,,,,,,1,,,,,,,,,,,,,,,,,,,,,,,,,,,,,,,,,,,,,2,2,,,,,,,,1,,,,,,,1,,,2,1,,,1,,,,,5,,,,,,,3,,1,,,,,,1,,,,,,,,,,,,,1,,1,5,,,,,,,,1,,,,4,,,,,
343,,,,,,,,,,,,,,,,,,,,,,,,6,,,,,,,,,,,1,,1,,,,2,,,,,,,,1,,,,2,,,,1,,,,,,,,,,2,,,,,,2,,,,,,2,,,2,,,,2,,,,,,1,,,,,,,,,,,,,1,,,,,,,,,,,,,,,,,,,,,,,,,,,,,,,,,,,,,,,,,4,,,,3,2,,,,,,,,,2,,,,,,,,1,,,,,,,,,2,,,,,,,2,,,,,,,,1,,,,,,,,,2,,,,,,1,6,,,,,,,,,,,,,,,,,
344,,,,,,,,,,,,,,,,,,,,,,,,,,,,,,,,,,1,1,,2,,,,2,,,,1,,,,,,,2,3,,,,2,,,,,,,1,,,,,,,,,1,,,,1,,2,,1,,,,,2,,,,,,,,,,,,,,,,,,,,,,,1,,,1,,,,,,,,,,,,,1,,,,,,,,,,,,,,,,,,,,,,,,,3,1,,,,,,,1,,,,,,,,,,,,,,,,,,,2,,,1,1,,,,,,,,,,,,,,,,,,,,2,,,,1,,1,2,,,,,,,,1,1,,,3,,,,,
345,2,,,,,,,,,,,,,,,,,,,,,,,1,,,,,,,,,,,,,,,,,1,,,,,,,,,,,2,1,,,,1,,,,,,,,,,1,,,,,,2,,,,,,1,,2,1,,,,3,,,,,,,,,,1,,,,,,,,,,,,,,,,,,,,,,,,2,,,,,1,,,,,,,,,,,,,,,,,,,,,,,,,4,2,,15,,,,,,,,,,,,,,,,,,,,,,,,,,,1,,,,3,,1,,,,,,1,,,,,,,,,,,,,1,,2,,,,,,,,,,,,,1,,,,,
346,,,,,,,,,,,,,,,,,,,,,,,,3,,,,,,,,,,2,1,,1,,,,,,,,,,,,,,,,1,,,,,,,,,,,,,,,,,,,,4,,,,,,1,,1,,,,,1,,,2,,,,,,,,,,,1,,,,,,,,,,,,2,,2,,,,,,,,,,,1,,,,,,,,,,,,1,,,,,,,,,,,,,1,,,,,,,,,,,,,,,,,,,,,,2,,,1,,,,,,,,,,,1,,,,,,,,,1,,,,,,,,,,1,,1,,,,,,,,,,,,,1,,,,,
347,,,,,,,,,,,,,,2,,,,,,,,,,,,,,,,,,,,2,1,,,,,,,,,,,,,,1,,,,,2,,,,,,,,,,,,,,,,,,,3,,,,,,2,,,,,,,1,,,,,,,,,,,,,,,,,,,,,,,,,,,,3,,,,,,,,,,,,,,,,,,,,,,,2,,,,,,,,,,,,,1,1,,,,,,,,,,,,,,,,,,,,,,,,1,,,1,,,,,,,,,,,,,,,,1,,,,,,,,,,,,,1,,,,,,,,,,,,,3,,,,,1
348,,,,,2,,,,,,,,,,,,,,,,,,,1,,,,,,,,,,,1,,,,,,,,,,,,,,,,,,1,2,,,,,,,,,,,,,,,,1,,,3,,,,,,,,,,,,,1,,1,,,,,,,,,,,,1,,,,,,,,,,,,,,1,,,,,,,,,,,,,,,,,,,,,,,1,,,,,,,,,,,,,2,,,,,,,,,,,,,,,,,,,,,,,,,2,,,,,,,,,,,,,,,,,,,,1,,,,,,1,,,,1,,,,,,,,1,,,,,,1,2,,,,,2
349,,,,,,,,,,,,,,,,1,,,,,,,,1,,,,,,,,,,,1,,,,,,,,,,,,,,1,,,,,3,,,,,,,,,,,,,,,,2,,,2,,,,,,1,,,,,,,2,,,,,,,,,,,,,,,,,,,2,,,,,,,,,1,,,,,,,,,,,1,,,,,,,,,,,,,,,,,,,,,,,,,1,,,,,,,,1,,,,,,,,,,,,,,1,,,1,,2,1,,,,,,,,,,,,,,,,,,,,,,,,,,,,,,,,1,,,,,,,,,,2,,,2,,
350,,,,,,,,,,,,,,,,,,,,,,,,27,,,,,,,,,,,1,,,,,,,,,,,,,,1,,,,,4,,,,,,,,,,,,,,,,1,,,3,,,,1,,1,,4,,,,,2,,,,,,,,,,,,,,,,,,,,,2,,,,,1,,,,,,,,,,,,,,,,,,,,,,,,,1,,,,,,,,,,,,,1,,,,,,,,1,,,,,,,,,,,,,,,,,1,,2,,,,,,,,,,,,,,,,,1,1,,,,,,,,,,1,,1,,,,,,,,,,,,,3,1,,,,
351,,,,,,,,,,,,,,,,,,,,,,,,,,,,,,,,,,2,1,,1,,,,,,,,,,,,,,,,,2,,,,,,,,,,,,,,,,2,,,2,,,,,,,,1,,,,,,,,,,,,,,,,,,,,,,,,,,,,,,,,,,,,,,,,,,,,1,,,,,,,,,,,,1,,,,,2,,,,,,,,,,,,,,,,,,,,,,,,,,,,,,1,,,1,,,,,,,,,,,,,,,,,,,,1,,,,,,,,,,,,1,,,,,,,,,,,,,1,,,,,1
352,,,,,,,,,,,,,,,,,,,,,,,,1,,,,,,,,,,2,,,,,,,,,,,,,,,,,,,,2,,,,,,,,,,,,,,,,,,,5,,,,,,1,,,,,,,,,,,,,,,2,,,,,,,,,,,,,,,,,,,,,,,,,,,,,,,1,,,,,1,,,,,,,,,,1,,,,,,1,,,1,1,,,,,,,,,,,,,,,,,,,,,,,,,1,,,,,,,,,,,,,,,,,,,,,2,,,,,,,,,1,,2,,,,,,1,,,,,,,,,,,,1
353,,,,,,,,,,,,,,,,,,,,,,,,,,,,,,,,1,,,,,,,,,1,,,,1,,,,,,,,,2,,,,,,,,,,,,,,,,,,,4,,,,,,2,,1,,,,,,,,,2,,,,2,,,,,,,,,,,,,,,,,,,,,,,,,,,,,,,,,,,,,,,,,,,,,,,,,,,,,,1,,2,1,,,,,,,1,,,,,,,,,,,,,,,,,3,,,,,,,,,,,,,,,,,,,,1,1,,,,,,,,,1,1,1,,,,,,,,,,,,,2,,,1,,1
354,,,,,,,,,,,,,,1,,,,,,,,,,1,,,,,,,,2,,,,,,,,,,,,,,,,,,,1,,,3,,,,,,,,,,,,,,,4,,,,3,,,,1,,,,,,,,,,,,,,,,,2,,,,,1,,,,,,,,,,,,,,,,,,,,,,,,,,,,,,,,,,,,,,,,,,,,,,,,,,,,,,,,,,,1,,,,,,,,,1,,,,,,,,2,,,3,,,,,,,,,,,,,,,,1,,3,,,,,,,,,,,,,,,,,,,,,,,,,1,,,,
355,,,,,,,,,,,,,,1,,,,,,,,,,,,,,,,,,1,,,,,,,,,,,,,,,,1,,,,,,2,,,,,,,,,,,,,,,,,,,2,,,,2,,,,2,,,,,,,,,2,,,,1,,,,,1,,,,,,,,,,,,,,,,,,,,,,,,,,,,,,,,,,,,,,,,,,,,,,,,,,,,,,,,,,,1,,,1,,,,,,1,,,,,,,,2,,,1,,,,,,,,,,,,,,,,2,,3,,,,,,,,,,,,,,,,,,,,,,,1,,1,1,,,
356,,,,,,,,,,,,,,,,,,,,,,,,,1,,,,,,,,,,,,,,,,,,,,,,,,1,,,,,2,,,,,,,,,,,,,,,,,,,3,,,,1,,,,,,,,,,,,,,,,,2,,,,,,,,,,,,,,,,,,,,,,,,,,,,,,,,,,,,,,,,,,,,,,,,,,,,,,,,,,,,,,,,,,,,,,,,,,,,,,,,,3,,,2,,,,,,,,,,,,,,,,2,,,,,,,,,,,,,,,,,,,,,,,,,,2,2,1,,,
357,,,,,,,,,,,,,,,,,,,,,,,,,,,,,,,,,,,,,,,,,,,,,,,,,1,,,,,1,,,,,,,,,,,,,,,,,,,3,,,,1,,1,,1,,,,,,,,,4,,,,2,,,,,1,,,,,,,,,,,,,,,,,,,,,,,,,,1,,,,,,,,,,,,,,,,,,,,,,,,1,1,,,,,,,,,,,,,,,,,1,,,,,,,,2,,,2,,,,,,,,,,,,,,,,3,1,1,,,,,,,,,1,,,,,,,,,,,,,,1,1,,,,,
358,,,,,,,,,,,,,,,,,,,,,,,,1,,,,,,1,,,,,,,,,,,,,,,,,,1,,,,,,3,,,,,,,,,,,,,,,,,,,2,,,,1,,,,2,,,,,,,,,2,,,,1,,,,,2,,,,,,,,,,,,,,,,,,,,,,,,,,,,,,,,,,,,,,,,,,,,,,,,,,1,,,,,,,,,,,,,,,,,,,,,,,,,,3,,,1,,,,,,,,,,,,,,,,2,,3,,,,,,,,,,,,,,,,,,,,,,,,,,1,,,
360,,,,,2,,,,,,,,,,,,,,,,,,,2,,,,,,,,,,,,,,,,,,,,,1,,,,,,,,,,,,,,,,,,,,,,,,,,,,4,,,,,,1,,,,,,,,,,,2,,,,,,,,,,,1,,,,,,,,,,,,,1,,,,,,,,,,,,,,,,,,,,,,,,,,1,,,,,,,,,1,,,,,,,,,1,,,,,,,,,#VALUE!,,,,,,,,#VALUE!,,,2,,,,,,,,,,,,,,,,,1,3,,,,,,,,,1,,,,,,,,,,,,,,1,,,,,,
361,,,,,,,,,,,,,,,,,,,,,,,,,,,,,,,,,,1,,,,,,,,,,,,,,,,,,,,1,,,,,,,,,,,,,,,,,,,2,,,,1,,1,,,,,,,,,,,2,,,,1,,,,,,,,,,,,,,,,,,,,,,,,,,,,,,,,,,,,,,,,,,,1,,,,,,,,,,,,,,1,,,,,,,1,,,,,,,,,,,,,,1,,,2,,,2,,,,,,,,,,,,,,,,,,2,,,,,,,,,1,,2,,,,,,,,,,,,1,,,,,,
362,,,,,,,1,,,,,,,,,,,,,,,,,,,,,,,,,1,,,,,,,,,,,,,,,,,,,,,,1,,,,,,,,,,,,,,,,,,,1,,,,1,,1,,,,,,,,,,1,1,,,,2,,,,,,,,,,,,,,,,,,,,,,,,,,,,,,,,,,,,,,,,,1,,,,,,,,,,,,,,,,,,,,,1,,,,,,,2,,,,1,,,,,1,,,3,,,1,,,,,,,,,,,,,,,,,1,2,,,,,,,,,,,,,,,,,,,,,,,1,1,,,,,
363,,,,,,,,,,,,,,,,,,,,,,,,5,,,,,,,,,,,,,,,,,,,,,,,,,,,,,,2,,,,,,,,,,,,,,,,,,,2,,,,,,2,,1,,,,,,,,,1,,,,1,,,,,,,,,,,,,,,,,,,,2,,,,,,,,,,,,,,,,,,,,,,,,,,1,,,,,,,,,,,,,,,,,,,,,,,,,,,,,,,,,,,3,,,2,,,,,,,,,,,,,,,,,,2,,,,,,,,,1,,1,,,,,,,,,,,,,,,,,,
364,,,,,,,,,,,,,,,,,,,,,,,,,,,,,,,,,,,,,,,,,,,,,,,,,,,,,,1,,,,,,,,,,,,,,,,,,,3,,,,,,,,,,,,,,,1,,,,,,,,,,,,,,,,,,,,,,,,,,,,,,,,,,,,,,,,,,,,,,,,,,,,1,,,,,,,,,,,,,,,,,,,,,,,,,,,,,,,,,,,2,,,1,,,,,,,,,,,,,,,,,,,,,,,,,,,1,,1,,,,1,,,,,,,,1,1,,,,,1
365,,,,,,,,,,,,,,,,,,,,,,,,1,,,,,,,,,,,,,,,,,,,,,,,,,,,,,,1,,,,,,,,,,,,,,1,,,,,2,,,,2,,1,,,,,,,,,,,,,,,1,,,,,,,,,,,,,,,,,,,,1,,,,,,,,,,,,,,,,,,,,,,,1,1,,,,,,,2,,,,1,1,1,,,,,,,,,,,,,,,,,,,,,,,,3,,,2,,,,,,,,,,,,,,,,1,1,1,,,,,,,,,,,,,,,,,1,,,,,,1,1,,,,,
366,,,,,,,,,,,,,,,,,,,,,,,,1,,,,,,1,,,,,,,,,,,,,,,1,,,1,,,,,,,,,,,,,,,,,,,,2,,,,,3,,,,1,,1,,,,,,,,,,,1,,,,,,,,,,,,,,,,,,,,,,1,,,,,,,,,,,,,,,,,,,,,,,,,1,,,1,,,,,,,,,1,,,,,,,,,,,,,,,,,,1,,,,,,,,2,,,2,,,,,,,1,2,,,,,,,,,,2,,,,,,,,,1,,2,,,,,,,,,,,,1,1,,,,,
368,,,,,,,,,,,,,,,,,,,,,,,,2,,,,,,,,,,,,,,,,,,,,,,,,,,,,,,2,,,,,,,,,,,,,,,,,,,2,,,1,,,1,,,,,,,,,,,,,,,2,,,,,,,,,,,,,,,,,,,,,,,,,,,,,,,,,,,,,,,,,,,,,,,,,,,,,,,1,,,,,,1,,,1,,,,,,,,,2,,,,,,,,3,,,3,,,,,,,,,1,,,,,,,,1,2,,,,,,,,,1,,2,,,,,,,,,,,,1,1,,,,,1
369,,,,,,,,,,,,,,,,,,,,,,,,3,,,,,,,,,,,1,,,,,,2,,,,,,,,,,,,,,,,,,,,,,,,,,,,,,,,2,,,,,,1,,,,,,,,,,,2,,,,,,,,,,,,,2,,,,,,,,,,,,,,,,,,,,,,1,,,,,,,,,,,,1,,,1,,,2,,,,,,,1,1,,,,,,,,,,,,,,,,,1,,,,,,,2,,,2,3,,,,,,5,1,,,,,,,,,,3,,,,,,,,,1,,1,,,,,,,,,,,,1,2,1,,,,
370,,,,,,,,,,,,2,,,,,,,,,,,,1,,,,,,,,,,,,,,,,,,,,,,,,,,,,,,,,,1,,,,,,,,,,,,,,,,3,,,,1,,1,,,,,,,,,,,2,,,,,,,,,,,,,,,,,,,,,,,,,,,,,,,,,,,1,,,,,,,,,,,,1,,,,,,,,,,2,,,1,1,,,,,,,,,1,,,,,,,,1,,,,,,,2,,,,2,,,,,,,,,,,,,,,,,,,,,,,,,,1,,1,,,,,,,,,,,,,3,,,,,
371,,,,,,,,,,,,,,,,,,,,,,,,1,,,,,,,,1,,,,,,,,,2,,,,1,,,,,,,,,,,,,,,,,,,,,,,2,,,,,5,,,,,,2,,,,,,,,,1,,,,,,1,,,,,,,,,,,1,,,,,,,,,,,,,,,,,,,,1,,,,,,,,,,,,1,,,,,,,,,,,,,1,,,,,,,,,,,,,,,,,,1,,,,1,,,2,,,2,1,,,,,,1,1,,,,,,,,,,2,,,,,,,,,1,,,,,,1,,,,,,,,1,2,,,,,
372,,,,,,,,,,,,,,,,,,,,,,,,2,,,,,,,1,1,,,,,,,,,,,,,,,,,,,,,,3,,,1,,,,,,,,,,,,,,,,3,,,,,,2,,,,,,,2,,1,,2,,,,1,,,,,,,,,,,,,,,,,,,,,,,,,,,,,,,1,,,,,,,,,,,,1,,,,,,,,3,,,,,,2,,,,1,,,1,,,,,,,,,,,,,,,,,2,,,2,,,,,,,,,,,,,,,,1,,3,,,,,,,,,1,,1,,,,,,,,,,,,1,2,,,,,
373,,,,,,,,,,,,,,,,,,,,,,,,,,,,,,,,,,,1,,,,,,,,,,,,,,,,,,,,,,2,,,,,,,,,,,,,,,,4,,,,,,1,,,,,,,,,1,,2,,,,1,,,,,,,,,,,,,,,,,,,,,,,,1,,,,,,,1,,,,,,,,,,,,,,,,,,,,,,,,,1,1,,,,,,,,,,,,,,,,,,,,,,,,2,,1,3,1,,,,,,,,,,,,,,,,1,2,,,,,,,,,1,,,,,,2,,,,,,,,,1,,,,,
374,,,,,,,,,,,,,,,,,,,,,,,,2,,,,,,,,,,,2,,,,,,,,,,,,,,,,,,,,,,1,,,,,,,,,,,,,,,,3,1,,,1,,2,,2,,,,,1,,,,4,,,,,,,,,,,,,,,2,,,,,,,,,,,,,,,,,,,,,,,,,,,,,,,,1,,,,,,,,,,,,,1,,,,,,,,,,,,,,,,,,,,,,,,,3,,,3,,,,,,,,,,,,,,,,1,,3,,,,,,,,,,,1,,,,,,,,,,,,1,,,,,,
375,,,,,,,,,,,,,,,,,,,1,,,,,1,,,,,,,,,,,1,,,,,,,,,,,,,,,,,,,,,,,,,,,,,,,,1,,,,,,5,,,,,,,,2,,,,,,,,,,,,,,,,,,,,,,,,,,,2,,,,,,,,,,,,,,,,,,,,,,,,,,,,,,,,,,,,,,,,1,,,,,,,,,,1,,,,,,,,,,,,,,1,,,,,,,1,1,,,,,,1,,,,,,,,,3,,,,,5,,,,,3,,,,,,,,,,,,,,,2,,,1,,1
376,,,,,,,,,,,,,,,,,,,,,,,,,,,,,,,,,,,1,,,,,,2,,,,,,,,1,,,,,,,,,,,,,,,,,,,,,2,,,3,,,,,,1,,,,6,,,,,,,,,,,,,,,,,,,,,,,,,,,,,,,,,,,,,,,,,,,,,,,1,,,,,,,1,,,,,,,,,,,,,2,1,,,,,,5,1,2,,,,,,,,,1,,,,,,,,,,,1,2,5,,,,,2,,,,,,,,,1,,,,,,,,,,,,,,,,,,,,,,,,,5,,,1,,1
377,,,,,,,,,,,,,,,,,,,,,,,,11,,,,,,,,,,,1,,,,,,,,,2,,,,,,,,,1,,,,,,,,,,,,,5,1,,,1,,,2,,,,,,1,,,,1,,,,,,,,,,,,,,,,,,,,,,2,,,5,,,,,,,,,,,,,,,,,,,,,,,,,,,,,,,,,,,,,,,,,,,2,,,,,,1,1,2,1,,,,,,,,,,,,,,2,1,,,1,2,3,,,,,1,,,,,,,,,,2,,,,,,,,,,,,,,,,,,,,,,,,,8,,,,,1
378,,,,,,,,,,,,,,2,,,,,,,,,,1,,,,,,,,,,,1,,,,,,,,,5,,,,,2,,,,,2,,,,,,,,,,,,,1,,,1,,,1,,,,,,1,,,,,,,,,,,2,,,,1,,,,,,,,,,,1,,,,,,,,,,,,,1,,,,,,,,,,,,,,,,,,,,,,,,,,,,,,,,2,,,,,,,3,,2,,,,,,,,,1,,,,1,,,,,,1,,2,,,,,2,1,,,,,,,,,1,,,,,,,,,,2,,,,,,,,,,,,,,,3,,,,,
379,,,,,,,,,,,,,,2,,,,,,,,,,1,,,,,,,,,,,,,,,,,,,,,,,,,1,,,,,,,,,,,,,,,,,,1,,,3,,,2,,,,,,,1,,,,,,,,,,,,,,1,,,,,,,,,,,2,,,2,,,,,,,,,,,,,,,,,,,,,,,,,,,,,1,,,,,,,,,,,,,1,,,,,,,,,1,,,,,,,,,1,,,,1,,1,,,,2,2,,,,,,1,1,,,,,,,,,1,,,,,,1,,,,2,,,,,,,,1,,,,,,,2,,,,,#VALUE!
380,,,,,,,,,,,,,,1,,,,,,,,,,1,,,,,,,,,,,,,,,,,,,,,,,,,1,,,,,1,,,,,,,,,,,,,,,,2,,,4,1,,,,,,,,,1,,,,,,,,,,,,,,,,,,,,,,,,,,,,,,,,,,,,,,,,,,,,,,,,,,,,,,1,,,,,,,,,,,,,1,,,,,,,1,1,3,,,,,,,,,1,,,,1,,1,,,,,2,1,,,,,2,1,,,,,,,,,1,,,,,,,,,,1,,,,,,,,1,,,,,,,2,,,3,,
381,,,,,,,,,,,,,,,,,,,,,,,,1,,,,,,,,,,,1,,,,,,,,,2,,,,,,,,,,,,,,,,,,,,,,,1,,,,,,2,,,,,,,,,,,,,,,,,,,,,,,,,,,,,,,,,,,1,,,,,,,,,,,,,,,,,,,,,,,,,,,,,1,,,,,,,,,,,,,,,,,,,,,1,1,,,,,,,,,1,,,,,,,,,,,1,,,,,,,1,,,,,,,,,3,,,,,,,,,,,,,,,,,,,,,,,,,3,,,1,,
382,,,,,,,,,,,,,,,,,,,,,,,,3,,,,,,,,,,,,,,,,,,,,,,,,,,,,,,,,,,,,,,,,,,,1,,,1,,,2,,,,,,,,,,1,,,,,,,,,,,,,,,,,,,,,,,,,1,,,,,,,,,,,,,,,,,,,,,,,,,,,,,1,,,,,,,,,,,,,2,2,,,,,,5,1,2,,,,,,,,,,,,,,,,,,,,1,1,,,,,,1,,,,,,,,,2,,,,,,,,,,,,,,,,,,1,,,,,,,5,,,1,,1
383,,,,,,,,,,,,,,,,,,,,,,,,,,,,,,,,,,,,,,,,,,,,,,,2,,,,,,,,,,,,,,,,,,,,,,,,,,3,,,,,,,,,,1,,2,,,,,,,,,,,,,,,,,,,,,,,6,,,,,,,,,,,,,,,,,,,,,,,,,,,,,,,,,,,,,,,,,,1,1,,,,,,4,2,1,,,,,,,,,,,,,,,,1,,,1,2,3,,,,,,1,,,,,,,,,2,,,,,,2,,,,,,,,,,,,,,,,,,,3,,,1,,
385,,,,,,,,,,,,,,,,,,,,,,,,2,,,,,,,,,,,1,,,,,,,,,,,,,,1,,,9,1,,,1,,,,1,,,,,,,,,,,,,3,,,,,,,,,,,,,,,,,,,,,,,,,,,,,,,,,,,3,,,,,1,,,,,,,,,,,,,,,,,,,,,,,,,,,,,,,,,,,,,2,,,,,,,,,,,,,,,,,,,,,,1,,,,,1,2,1,2,5,1,,,1,,,,,,,,,,2,,,,,,,,,,,,,,,,,,,,,,,,,2,,,,,
386,,,,,,,,,,,,,,,,,,,,,,,,2,,,,,,,,,,,,,,,,,2,,,3,,,,,,,,2,1,,,,,,,,,,,,,,,,,,,,1,,,,,,,,,,,,,1,,,,,,,,,,,,,,,,,,,,,,3,,,,,1,,,,,,,,,,,,1,,,,,,,,,,,,,,,,,,,,,,,,,2,2,,,,,,,2,,12,,,,,,,,,,,,1,,,,,,2,1,2,1,2,,,,1,,,,,,,,,1,,,,,,,,,,,,2,,,,,,,,,,,,,3,,,,,
387,,,,,,,,,,,,,,,,,,,,,,,,7,,,,,,,,,,,1,,,,,,1,,,2,,,,,,,,1,1,,,,2,,,,,,,,,,,,,,,,2,,,,,,,,,,,,,1,,1,,,,,,,,,,,,,,,,,,,,3,,,,,,,,,,,,,,,,,1,,,,,,,,,,,,,,,,,,,,,,,,,3,1,,,,,,,,,1,,,,,,,,1,,,,,,,,,,1,1,3,2,,,,,,,,,,,1,,,2,,,,,,,,,,,,1,,,,,,,,,,,,,3,,,,,
388,1,,,,,,,,,,,,,,,,,,,,,2,,4,,,,,,,,,,,1,,,,,,8,,,,1,,,,,,,2,1,,,,2,,,,,,,,,,,,,,,,,,,,,,,,,,,,,,,,,,,,,1,4,,,,,,,,,,4,,,2,,,,,,,,,,,,,,,,,1,,1,,,,,,,,,,,,,,,,,,,,,,,4,1,,,,,,1,,,2,,,,,,,,,,,,1,,,2,,,2,1,,,,,,,1,,,,,,,,,1,2,,,,,,,,,,,1,,,,,,,,,,,,,2,,,,,
389,1,,,,,,,,,,,,,,,,,,,,,,,2,,,,,,,,,,1,,,,,,,2,,,,,,,,,,,1,,,,,1,,,,,,,,,,,,,,,,1,,,,,,1,,,,,,,2,,,,,,,,,,,,,,,,,,,,,,1,,,,,,,,,,,,,,,,,,,,,,,,,,,,,,,,1,,,,,,,,,,3,2,,,,1,,,,,2,,,,,,,,1,,,,,,,1,,,,1,1,2,,,,,,,,,,,,,,2,,,,,,,,,,,,1,,,,,,,,,,,,,6,,,,,
390,1,,,,,,,,,,,,,,,,,,,,,,,2,,,,,,,,,,,,,,,,,1,,,2,,,,1,,,,,1,,1,,,,,,,,,,,,,,,,,,1,,,,,,1,,,,,,,2,,,,,,,,,,,,,,,,,,,,,,3,,,,,,,,,,,,,,,,,,,,,,,,,,,,,,,,,,,,,,,,,,4,1,,,,,,,,,,,,,,,,,1,,,,,,,,,,,1,4,,,,,,,,,,,,,,,1,,,,,,,,,,1,,,,,,,,1,,,,,,,3,,,,,
391,1,,,,,,,,,,,,,,,,,,,,,,,2,,,,,,,,,,,1,,,,,,3,,,,,,,,,,,2,1,,,,1,,,,,,,,,,,,,,,3,2,,,,,,,,,,,,,2,,,,,,,,,2,,,,,,,,,,,,,#VALUE!,,,,,,,,,,,,,,,,,2,,,,,,,,,,,,,,,,,,,,,,,1,,3,2,,,,,,,,,,,,,,,,,1,,,,1,,,,,2,,2,1,1,,,,,,,,,,,,,,2,,,,,,,,,,,,2,,,,,,,,,,,,,3,,,,,
392,,,,,,,,,,,,1,,,,,,,,,,,,2,,,,,,,,,,,,,,,,,1,,,,,,,1,,,,2,1,,,15,,,,,,,,,,,,,,,,,1,,,,,,,,,,,,,,,,,,,,,,,,,,,,,,,,,,,,,,,,,,,,,,,,,,,,,,,,,,,,,,,,,,,,,,,,,,,,,3,1,,,,,,,,,,,,,,,,,1,,,,,,,,,,,,1,,,,,,,,,,,,,,,2,,,,,,,,,,,,,,,,,,,,,,,,,2,,,,,
393,,,,,,,,,,,,,,,,,,,,,,,,5,,,,,,,,,,,1,,,,,,1,,,,,,,,,,,,,,1,,,,,,,,,,,,,,,1,,,2,,1,,,,,,,,,,,5,,1,,,,,,,,,,,,,,,,,,,,,,,,,,,,,,1,,,,,,,,,,,,,,,,,,,,,,,,,,,,,,,,2,2,,,,,,,,,,,,,,,,,,1,,,,,,,,1,,1,1,,,,,,,,,,,,,,,4,,,,,,,,,,,,,,,,,,,,,,,,,4,,,,,1
394,,,,,,,,,,,,,,,,,,,,,,3,,3,,,,,,,,,,,1,,,,,,,,,,,,,,,,,2,,,,1,1,,,,,,,,,,1,,,,,3,1,,,,,,,,,,,,,2,,,,,,,,,,,,,,,,,,,,,,2,,,,,1,,,,,,,3,,,,,1,,,,,,,,,,,,,,,,,,,,,,,,,2,1,,,,,,,,,2,,,,,,,,2,,,,,,,,,,,2,2,1,,,,,,,,,,,,,,1,,,,,,,,,,1,,,,,,,,,,,1,,,,1,,,,,
395,,,,,,,,,,,,,,,,3,,,,,,,,12,,,,,,,,,,,,,,,,,,,,,,,,,,,,3,,,,9,1,,,,,,,,,,,,,,,#VALUE!,2,,3,,,,1,,,,,,,1,,,,,,,,,,,,,,,,,,,,,,3,,,,,1,,,,,,,,,,,,2,,,,,1,,,,,,,,,,,,,,,,,1,,,#VALUE!,,,,,,,,,,1,,,,,,,,,,,,1,,,,,2,,,3,,,,,,,1,,,,,,,,1,,,,,,1,,,,,,,,,,,,,,,,,,,2,,,,,
396,,,,,2,,,,,,,,,,,1,,,,,,,,32,,,,,,,,,,,,,,,,,2,,,,,,,,,,,6,,,,2,,,,,,,,,,,1,,,,,28,2,,,,,,,,,,,,,1,,,,,,,,,,,,,,,,,,,,,,3,,,,,1,,,,,,,,,,,,1,,,,,,,,,,,,,,,,,,,,,,1,,,2,,,,,,,,,,,,,,,,,,,1,,,,,,,,,,,4,1,1,,,,,1,,,,,,,,1,,,,,,,,,,,,,,,,,,,,,,,,,1,,,,,
397,,,,,,,,,,,,,,,,2,,,,,,,,3,,,,,,,,,,,,,,,,,,,,,,,,,,,,1,1,,,,,,,,,,,,,,,,,,,2,1,,,,,,1,,,,,,,,,1,,,,,,,,,,,,,,,,,,,,4,,,,,,,,,,1,,,,,,,,,,,,,,,,,,,,,,,,,,,,,1,,,2,,,,,,,,,,,,,,,,,,,1,,,,,,,,,,,3,2,,,,,,,,,,,,,,2,,,,,,,,,,,,,,,,,,,,,,,,,2,,,,,
398,1,,,,,,,,,,,,,,,,,,,,,,,1,,,,,,,,,,,,,,,,,2,,,,,,,,,,,1,,,,1,1,,,,,,,,,,,,,,,3,2,,1,,,,,,,,,,,,,,,,,,,,,,,,,,,,,,2,,,4,,,,,,,,,,,,,,,,,1,,,,,,,,,,,,,,,,,,,,,,,,,2,,,,,,,,,,,,,,,,,,1,1,,,,,,,,,,1,3,1,,,,,1,,,,,,,,,,,,,,,,,,,,,,,,,,,1,,,,,,,2,,,,,
399,,,,,,,,,,,,,,,,3,,,,,,,,1,,,,,,,,,,,,,,,,,1,,,,,,,,,,,4,,,,5,1,,,,,,,,,,1,,,,,2,,,,,,,,,,,,,,1,,,,,,,3,,,,,,,,,,,,,,,2,,,,,2,,,,,,,,,,,,1,,,,,,,,,,,,,,,,,,,,,,,,,2,,,,,,,,1,,,,,,,,,,1,,,,,,,,,,,2,1,1,,,,,1,,,,,,,,,3,,,,,,,,,,1,,,,,,,,,,,,,,,1,,,,,
400,1,,,,,,,,,,,,,,,,,,,,,,,1,,,,,,,,1,,,,,,,,,1,1,,,,,1,,,,,2,,,,,1,,,,,,,,,,1,,,,,,4,,1,,,,1,,,,,,,6,,,,2,,,,1,1,,,,,1,,,,,,,,,,1,,1,,,,,,,,,,,,,#VALUE!,,,,,1,,,,,,,,,,1,,,,,,,,,,1,1,,,,1,,,4,,16,,,,,,,,,,,,,,,2,,2,2,2,2,2,,,,3,1,,,,,,,,,2,,,,,,,,,,2,2,1,,,,,,,,,,,,,1,,,,,
401,1,,,,,,,,,,,,,,,,,,,,,3,,,,,,,,,,,,1,1,,1,,,,1,,,,,,,,,,,#VALUE!,1,,,,1,,,,,,,,,,1,,,,,,1,,1,,,,1,,,2,,,,3,,,,,,,,,,,,,,,,,,,,,,1,1,,,1,,,,,,,,,,,,,2,,,,,,,,,,,,,,,1,,,,,,,,1,,2,3,,,,,,,,,,,,,,,,,2,,,,,,,,,,1,1,,1,,,2,1,2,1,,,,,,,,2,,,,,2,,,,,,,1,,,,,,,,,1,,,,3,,,,,
402,,,,,,,,,,,,,,,,,,,,,,,,15,,,,,,,,,,,,,,,,,2,,,,1,,,,,,,11,1,,,,1,,,,,,,,,,1,,,,,2,3,,,,,,,,,,,,,3,,,,,,,,,,,,,,,,,,,,,,4,,,,,1,,,,,,,,,,,,,,,,,1,,,,,,,,,,,,,,,,,,,,1,,1,,,,,,,,,,,,,,,,1,,,,,,,1,,,1,3,1,1,,,,1,,,,,,,,,,1,,,,,,,,,,1,,,,,,,,,,,1,,,,,,,,,
406,,,,,,,,,,,,,,,,,,,,,,,,9,,,,,,,,,,,,,,,,,,,,,,,,,,,,5,,,,,,,,,,,,,,,,,,,,,,,,,,,,,1,,1,,,,,,,,,,,,,,,,,,,,,,1,,,,,,,,,,,,,,,,,,,,1,,,,,,,,,,,,,,,,,,,,,,,,,,,,,,,,1,,,,,,,,,,,,,,,,,,,,,,,,,,,,,1,,,,,,,,,,,,,,,,,,,,,,,,,,,,,,,,,,2,,,,,
408,,,,,,,,,,,,,,,,,,,,,,,,,,,,,,,,,,,,,,,,,,,,,,,,,,,,,,,,,,,,,,,,,,,,,,,,,1,,,,,,,,,,2,,,,,,,,,,,,,,,,,,,,,,,,,,,,,,,,,,,1,,,,1,,,,,,,,,,,,,,,,,,,,,,,,,,,,,,,,,,,1,,,,,,,,,,,,,,,,,,,,,,,,,,,,,,,,,,,,,,,,,,,,,,,,,,,,,,,,,,,,,,,,,,,,
409,,,,,,,,,,,,,,,,,,,,,,,,4,,,,,,,,,,,,,,,,,,,,,,,,,,,,,,,,,,,,,,,,,,,,,,,,,2,,,,,,,,1,,,,,,,,,,,,,,,,,,,,,,2,,,,,,,,,,,,,,,,,,,#VALUE!,,,,,,,,,,,,,,,,,,,,,,,,,,,,,,,,,,,,,,,,,,,,,,,,,,,,,,,,,,,,,,,,,,,,,,,,,,,,,,,,,,,,,,,,,,,,,,,,,,,,,,,
410,,,,,,,,,,,,,,,,,,,,,,,,2,,,,,,,,,,,,,,,,,,,,,,,,,2,,,,,,,,,,,,,,,,,,,,,,,,1,,,,,,,,,,1,,,,,,,,,,,,,,,,,,,,,,,,,,,,,,1,,,,,,,,,,,,,,,,,,,,,,,,,,,,,,,,,,,,,,,,,,,,1,,,,,,,,,,,,,,,,,,,,,,,,,,,,,,,,,,,,,,,,,,,,,,,,,,,,,,,,,,,,,,,,,,,,
411,,,,,,,,,,,,,,,,,2,,,,,,,,,,,,,,,,,,,,,,,,,,,,,,,,,,,,,,,,,,,,,,,,,,,,,,,,,,,,,,,,,,2,,,,,,,,,,,,,,,,,,,,,,,,,,,,,,,,,,,,,,,1,,,,,,,,,,,,,,,,,,,,,,,,,,,,,,,,,,,,,,,,,,,,,,,,,,,,,,,,,,,,,,,,,,,,,,,,,,,,,,,,,,,,,,,,,,,,,,,,,,,,,,,
412,,,,,,,,,,,,,,,,,,,,,,,,2,,,,,,,,,,,,,,,,,,,,,,,,,,,,,,,,,,,,,,,,,,,,,,,,,,,,,,,,,1,,2,,,,,,,,,,,,,,,,,,,,,,,,,,,,,,,,,,,1,,,,,,,,,,,,,,,1,,,,,,,,,,,,,,,,,,,,,,,,1,,,,,,,,,,,,,,,,,,,,,,,,,,,,1,,,,,,,,,,,,,,,,,,,,,,,,,,,,,,,,,,,,,,,,
413,,,,,2,,,,,,,,1,,,,,,,,,,,8,,,,,,,,,,1,,,,,,,,,,,,,,,,,,,,,,,,,,,,,,,,3,,,,,,,3,,,,,,,,,,2,,,,,,,,,,,,,,,,,,,,,1,,,,,,,,,1,,,,,2,,,,1,,,,,,,,,,,,,,,,,,,,,,,,2,,,,,,,,,,,,1,1,,,,,,,,,,,,,,,,,,,,,,,,,,,,,,,,,,,,1,,,,,,,,,,,,,,,,,,,,,,,,,1,,,,,
414,,,,,,,,,,,,,4,,2,,,,,,,,,5,,,,,,,,,,2,,,,,,,,,,1,,,1,,,,,1,1,,,,,,,,,,,,,3,,,,,,,2,,,,,,,,,,,,,1,,,,,,,,,,,,,,,,2,7,2,,,,,,,,1,2,,,,,1,,,,,,,,,,,,,,,,,,,,,,,,,,,,2,,,,,,,,,,,,1,2,,,,,,,,,,,,,,,,1,,,,,1,,,,,,,,,,,,,,,,,,,,,,,,,,,,,,,,,,,,,,,,2,,,,,1
415,,,,,,,,,,,,,1,,,,,,,,,,,2,,,,,,,,,,1,,,,,,,,,,,,,,,,,,,1,,,,,,,,,,,,4,,,,,,,,2,,,,,,,,,,2,,,,,,,,,,,,,,,,,,,,,,,,,,,,,,,,,,,,,,,,,,,,,,,,,,,,,,,,,,,,,,,,,,,,,,,,,,,1,,,,,,,,,,,,,,,,,,,,,,,,4,,,,,,,,,,,,,,,,,,,,,,,,,,,,,,1,,,,,,,,,,,,,
416,,,,,1,,,1,,,,,4,,,,,,,,,,,1,,,,,,,,,,,,,,,,,1,,,,,,1,,,,,2,,2,,,,,,,,,,,,,,,,,,,4,,,,,,,,,,1,,,,,,,,,,,,,,,,,,,,,,,,,,,,,,1,,,,,,,,,,,,1,,,,,,,,,,,,,,,,,,2,,,,,,,1,,,,,,,1,2,1,,,,,,,,,,,,,,,,1,,,,,,,2,,,,1,,,,,,,,,,,,,,,,,,,,,,,,,,,,,,,,,,3,,,,,
418,,,,,,,,,,,,,,,,,,,,,,,,12,,,,,,,,,,,,,,,,,,,,,,,,,,,,,,,,,,,,,,,,,1,,,,,,,,,,,,,,,,3,,1,,,,,,,,,,,,,,,,,,,,,,,,,,,,,,,,,,,,,,,,,,,,,,1,,,,1,,,,,,,,,,,,,,,,,,,,,,,,,,,,,,,,,,,,,,,,,,,,,,,,,,,,,,,,,,,,,,,,,,,,,,,,,,,,,,,,,,,,,,,,,,,,
419,,,,,,,,,,,,,,,,,2,,,,,,,7,,,,,,,,,,,,,,,,,,,,,,,,,,,,,,,,,,,,,,,,,,,,,,,,,,,,,,,,,,,2,,,1,,,,,,,,,,,,,,,,,,,,,,,,,,,,,,,,,,,,2,,,,,,,,,,,1,,,,,,,,,,,,,,,,,,,,,,,,1,,,,,,,,,,,,,,,,,,,,,,,,,,,,,,,,,,,,,,,,,,,,,,,,,,,,,,,,,,,,,,,,,,,,
420,,1,,,,,,,,,,,,,,,,,,,,,,1,,,,,,,,,,,,,,,,,,,,,,,,,,,,,,,,,,,,,,,,,,,,,,,,,,,,,,,,,,,,,,,,,,,,,,,,,,,,,,,,,,,,,,,,,,,,,,,,,,,,,,,,,,,,,,,,,,,,,,,,,,,,,,,,,,,,,,,,,,,,,,,,,,,,,,,,,,,,,,,,,,,,,,,,,,,,,,,,,,,,,,,,,,,,,,,,,,,,,,,,,
421,,,,,,,,,,,,,1,,,,,,,,,,,26,,,,,,,,,,,,,,,,,,,,,,,,,,,,,,,,,,,,,,,,,,,,,,,,,2,,,,,,,,,,,,,,,,,,,,,,,,,,,,,,,,,,,,,,,,,,,,,,,,,1,,,,,,,,,,,,,,,,,,,,,,,,,,,,,,,,,,,1,,,,,,,,,,,,,,,,,,,,,,,,,,,,,,,,,,,,,,,,,,,,,,,,,,,,,,,,,,,,,,,,,,,,
422,,1,,,,,,,,,,,,,,,,,,,,,,3,,,,,,,,,,,,,,,,,,,,,,,,,,,,,,,,,,,,,,,,,,,,,,,,,,,,,,,,,,,1,,,,,,,,,,,,,,,,,,,,,,,,,,,,,,,,,,,,,,,1,,,,,,,,,,,,,,,,,,,,,,,,,,,,,,,,,,,,,,,,,,,,,,,,,,,,,,,,,,,,,,,,,,,,,,,,,,,,,,,,,,,,,,,,,,,,,,,,,,,,,,,
423,,,,,,,,,,,,,,,,,1,,,,,,,2,,,,,,,,,,,,,,,,,,,,,,,,,,,,,,,,,,,,,,,,,,,,,,,,,,,,,,,,,,,1,,,,,,,,,,,,,,,,,,,,,,,,,,,,,,,,,,,,,,,,,,,,,,,,,,,,,,,,,,,,,,,,,,,,,,,,,,,,,,,,,,,,,,,,,,,,,,,,,,,,,,,,,,,,,,,,,,,,,,,,,,,,,,,,,,,,,,,,,,,,,,
424,,,,,,,,,,,,,,,,,,,,,,,,1,,,,,,,,,,,,,,,,,,,,,,,,,,,,,2,,,,,,,,,,,,,,,,,,,,,,,,,,,,,,3,,,,,,,,,,,,,,,,,,,,,,,,,,,,,,,,,,,1,,,,,,,,,,,,,,,,,,,,,,,,,,,,,,,,,,,,,,,1,,,,,,,,,,,,,,,,,,,,,,,,,,,,,,,,,,,,,,,,,,,,,,,,,,,,,,,,,,,,,,,,,,,,
425,,,,,,,,,,,,,,,,,,,,,,,,3,,,,,,,,,,,,,,,,,,,,,,,,,,,,,,,,,,,,,,,,,,,,,,,,,,,,,,,,,,,2,,,,,,,,,,,,,,,,,,,,,,,,,,,,,,,,,,,,,,,,,,,,,,,,,,1,,,,,,,,,,,,,,,,,,,,,,,,,,,,,,,,,,,,,,,,,,,,,,,,,,,,,,,,,,,,,,,,,,,,,,,,,,,,,,,,,,,,,,,,,,,,
427,,,,,,,,,,,,,,,,,,,,,,,,20,,,,,,,,,,,,,,,,,,,,,,,,,,,,,,2,,,,,,,,,,,,,,,,,,,1,,,,,,,,,,,,,,,,,,,,,,,,,,,,,,,,,,,,,,,,,,,,,1,,,,2,,,,,,,,,,,,,,,,,,,,,,,,2,,,,,,,,,,,1,,,,,,,,,,,,,,,,,,,,,,,,,7,,,,2,,,,,,,,,1,,,,,,,,,,,,,,,,,,1,,,,,,,2,,,,,
428,,1,,,,,,,,,,,,,,,,,,,,,,6,,,,,,,,,,,,,,,,,,,,,,,,,,,,,,,,,,,,,,,,,,,,,,,,,1,,,,,,,,,,1,,,,,,,,1,,,,,,,,,,,,,,,,,,,,,,,,,,,,,,,3,,,,,,,,,,,,,,,,,,,,,,,,,,,,,,,,,,,,,,,,,,,,,,,,,,,,,,,,,,,,,,,,,,,,,,,,,,,,,,,,,,,,,,,,,,,,,,,,,,,,,,,
429,,2,,,,,,,,,,,,,,,1,,,,,,,#VALUE!,,,,,,,,,,,,,,,,,,,,,,,,,,,,,,,,,,,,,,,,,,,,,,,,,1,,,,,,,,,,,,,,,,,,,,,,,,,,,,,,6,,,,,,,,,,,,,,,,,,,2,,,,,,,,,,,,,,,,,,,,,,,,,,,,,,,,,,,,,,,,,,,,,,,,,,,,,,,,,,,,,,,,,,,,,,,,,,,,,,,,,,,,,,,,,,,,,,,,,,,,,,,
430,,2,,,,,,,,,,,,,,,,,,,,,,7,,,,,,,,,,,,,,,,,,,,,,,1,,,,,,1,,,,,,,,,,,,,,,,,,,,1,,,,,,1,,,,,,,,,,,,,,,,,,,,,,,,4,,,,,,,,,,,,,,,,,,,3,,,,,,,,,,,,,,,,,,,,,,,,,,,,,,,,,,,,1,1,,,,,,,,,,,,,,,,,,,,,,,,,,,1,,,,,,,,,,,,,,,,,,,,1,,,,,,,,,,,,,,,,,,,
431,,,,,2,,,,,,,,1,,,,,,,,,2,,3,,,,,,,,,,,,,,,,,1,,,,,,2,,,,,,,,,,,,,,,,,,,2,,,,,,,2,,,,,,1,,,,,,,1,,,,,,,,,,,,,,,,,,,,,,,,,,,,,,,,2,,,,1,,,,,,,,,,,,,,,,,,,,,,,,2,,,,2,,,,,,,2,,1,,,,,,,,,,,,,1,,,,,,,,,,,,,,1,,,,,,,,,2,,,,,,,,,,,1,,,,,,,1,,,,,,,1,,,,,
432,,,,,1,,,,,,,,,1,,,,,,,,4,,2,,,,,,,,,,,,,,,,,,,1,,,,,,,,,,,,,,,,,,,,,,,,,,,,,,2,,,,,,2,,2,,,,,,,,,,,,,,,,,,,,,,4,,,,,,,,,,,,,,,2,,,,,,,,,,,,,,,,,,,,,,,,,,,,,,,,1,1,,,,,,,1,2,,,,,,,,,,,,,,,,1,,,,,,,,,,,,,,,,,,3,,,,,,,,,,,,,,,,,,,,1,,,,,,1,1,,,,,
433,,,,,,,,,,,,,,,,,,,,,,,,3,,,,,,,,,,,,,,,,,,,,,,,,,1,,,,,,,,,,,,,,,,,,,,,,,,3,,,,,,#VALUE!,,,,,,,,,,,,,,,1,,,,,,,,,,,,,,,,,,,,,,,,,,,,,,,1,,,,,,,,,,,1,,,,,,,,,,,,,,2,,,,,,,,1,1,,,,,,,,,,,,,,,,,,,,,,,,,,,,1,,,,,,,,1,2,,,,,,,,,,2,,,,,,,,,,,,,,,,,,,
434,,,,,3,,,,,,,,,,,,,,,,,,,2,,,,,,,,1,,3,,,,,,,,,,,,,,,2,,,,,,,,,,,,,,,,,2,,,,,,,1,,,,,,1,,,,2,,,,,,,,,,,,,,,,,,,,,,,,,,,,,,,,,,,,,,,,,,,,,,,,,,,,,1,,,,,,,,,,1,,,,1,,,,,,,4,,2,,,,,,,,,,,,,,,,2,,,,,,1,,,,,,,,,,,,,,2,,,,,,,,,,,3,,,,,,,,,,,,,1,2,,,,,
435,,,,,,,,,,,,,,,,,,,,,,,,6,,,,,,,,,,2,,,,,,,2,,,,,,,,,,,,,2,,,,,,,,,,,,7,,,,,,,4,,,,,,2,,,,,,,,,,,,,,,,,,,,,,,,2,,,,,,,,,,,,,,,,,,,,,,,,,,,,,,,,,,,,,,,,,,,1,,,,2,,,,,,,2,,#VALUE!,,,,,,,,,,,,,,,,1,,,,,,,,,,,,,,,,,,,,,,,,,,,,,,,2,,,,,,,,,,,,,,#VALUE!,,,,,
436,,,,,,,,,,,,,2,,,,1,,,,,,,16,,,,,,,,,,,,,,,,,,,1,2,,,,,1,,,,,2,,,,,,,,,,,,,,2,,,,,5,,,,,,1,,,,,,,,,,,,,,,,,,,,,,,,,,1,,,,,,,,,,,,,1,,,,1,,,,,,,,,,,,,,1,,,,,,,,,,,,,,,,,,,,,,,2,,,,,,,,,,,,,,,,1,,,,,,,4,,,,,,,,,,,,,1,,1,,,,,,,,,1,1,,,,,,1,,,,,,,,,,,,
437,,,,,,,,,,,,,,1,,,,,,,,2,,,,,,,,,,,,,,,1,,,,,,,,,,,,2,,,,,,,,,,,,,,,,,,,,,,,,6,,,,,,1,,,,,,,1,,,,,,,,,,,,,,,,,,,1,,,,,,,,,,,,,,,,,1,,,,,,,,,,,,,,,,,,,,,,,,,,3,,1,,,,,,,,,2,,,,,,,,,,,,,,,,,,,,,,,,,,,,,,,,,,,,2,,,,,,,,,,,,2,,,,,,,,,,,,,1,,,,,
438,,,1,,,,,,,,,,,1,,,,,,,,,,3,,,,,,,,,,,,,1,,,,,,2,,,,1,,1,,,3,,,,,,,,,,,,,,6,,,,,,,4,,,,,,1,,,,,,,2,,,,,,,,1,,,,,,,,,,,,,,,,,,,,,,,,,,,,1,,,,,,,,,,,,,,,,,,,,,,,,,,1,,1,,,,,,,,,1,8,,,,,,,,,,,,,,,1,,,,,,,,,,,,,,,,,,,,4,4,,,2,,,,,,,1,,,,,,,,,,,,,1,2,,,,,
439,,,,,,,,,,,,,,,,,1,,,,,,,12,,,,,,,,,,,,,,,,,,,,,,,,,2,,,,,,,,,,,,,,,,3,,,,,,,,7,,,,,,1,,,,1,,,,,,,,,,,,,,,,,,,,,,,,,,,,,,,,,,,1,,,,,,,,,,,,,,,,,,,,,,,,,,,,1,,,,,,,,,,,,,,,,,,,,,,,,,,,,,,,,,,,,,,,,,,,,,,,,,,,,,,,,,,,,,,,,,,,,,,,,,,,,,,,
440,,,,,1,,,,,,,,3,,,,,,,,,,,5,,,,1,,,,,,,,,1,,,,2,,,,,,,,,,,,,,1,,1,,,,,,,,2,3,,,,,,,2,,,,,,2,,1,,1,,,,,,1,,1,,,,,,,,,,,,,,,,,,,,,,,,,,,,,,,,,,,,,,,,,,,,,1,,,,,,,,,,,,,,1,,,,,,,,,1,,,,,,,,,,,,,,,,1,,,,,,,,,,,,,,,,,,,,1,,,,,,,,,,1,,,4,,,,,,,,1,,,,2,,,,,
441,,,,,1,,,,,,,,,,,,,,,,,,,3,,,,,,,,1,,,,,1,,,,,,1,,,,,,,,,,,,,,,,,,,,,,1,7,,,,,,,5,,,,,,1,,1,,6,,,,,,,,,,,,,,,,,1,,,,,,,4,,,,,,,,,,,,,,,1,,,,,,,,,,,,,,,,,,,,,,,,1,,,,,,,,,,,,,2,,,,,,,,,,,,,,,,1,,,,,,,,,,,,,,,,,,,,1,1,,,,,,,,,,1,1,,,,,,,,,,,,,1,,,,,
442,,,,,,,,,,,,,,,,,,,,,,,,1,,,,,,,,,,,,,,,,,,,,,,,,,,,,2,,,,,,,,,,,,,,,,,,,,,2,,,,,,1,,,,1,,,,,,,,,,,,,,,,,,,,3,,,,,,,,,,,,,,,,,,,,,,,,,,,,,,,,,1,,,,,,,,,,,,,,,,,,,,,,,,,,,,,,,,,,,,,,,,,,,,,,,,,,,,,,,,,,,1,,,,,,,,,,,,,,,,,,1,,,,,,,1,,,,,
443,,,,,,,,,,,,,,,,,,,,,,,,6,,,,,,,,,,,,,1,,,,,,,,,,,,,,,,1,,,,,,,,,,,,,,,,,,,,1,,,,,,1,,,,,,,,,,,,1,,,1,,,,,,,,,,,,,,,,,,,,,,,,,,,,,,,,,,,,,,,,,,,,,,,,,,,,,,,,2,,,,,,,,,1,,,,,,,,,,,,,,,,,,,,,,,,,,,,,,,,,,,,1,,,,,,,,,,,1,,,,,,,,,,,,,,,,,,,
444,,,,,,,,,,,,,,,,,1,,,,,,,6,,,,,,,,,,,,,,,,,,,,,,,,,1,,,,,,1,,,,,,,,,,,12,,,,,,,,,,,,,1,,,,4,,,,,,,,1,,,,,,,,,,,,,,1,,,,,,,,,,,,,,,,,1,,,,,,,,,,,,,,,,,,,,,,,,,,,,,,,,,,,,,1,,,,,,,,,,,,,,,,,,,,,,,,,,,,,,,,,,,,1,,,,,,,,,,,1,,,,,,,,,,,,,,1,,,,,
445,,,,,,,,1,,,,,,,,,,,,,,,,3,,,,,,,,,,,,,1,,,,,,,,,,1,,,,,,,,,,,,,,,,,,,2,,1,,,,,2,,,,,,1,,1,,,,,,,,,,,,,,,,,,,,,,1,,2,,,,,,,,,,,,,,,,,,,,,,,,,,,,,,,,,,,,,,,,,,,,,,,,,,,,3,1,1,,,,,,,,,,,,,,,,1,,,,,,,,,,,1,,,,,,,,,1,,,,,,,,,,,1,,,,,,,,,,,,,1,3,,,,,
