GPSpt,Date,ShrCover1,GrassCover1,TreeCover1,SH1,SH2,SH3,SH4,SH5,GH1,GH2,GH3,GH4,GH5,ShrCover2,GrassCover2,TreeCover2,SH6,SH7,SH8,SH9,SH10,GH6,GH7,GH8,GH9,GH10,ShrCover3,GrassCover3,TreeCover3,SH11,SH12,SH13,SH14,SH15,GH11,GH12,GH13,GH14,GH15,Buildings,Notes
23,20150127,14,37,53,1,2.4,1.3,1.9,1.7,shin,,shin,shin,,13,68,6,1.2,1.6,1.4,1.3,1,shin,knee,shin,knee,shin,11,57,59,1.2,,1.8,,,shin,knee,knee,knee,shin,0,
24,20150127,13,67,63,1.1,1.3,2,1.4,1.3,ankle,shin,shin,shin,ankle,9,54,59,1.3,1.9,0.8,0.7,1.6,shin,knee,ankle,knee,knee,7,72,44,1,,,,1.3,knee,waist,knee,waist,waist,0,
25,20150127,58,85,0,2.1,2.3,1.9,2.4,2.7,shin,shin,shin,,shin,7,83,23,1.1,1.3,0.9,1.4,1.6,ankle,shin,shin,ankle,shin,17,79,17,1.8,1.2,2.2,1.6,1.9,thigh,knee,knee,shin,knee,0,
26,20150220,37,76,7,1.8,1.9,1.6,1.6,1.6,knee,knee,knee,knee,knee,82,29,0,1.8,1.8,2.4,1.7,1.8,knee,,,knee,,63,34,17,1.9,2.3,1.9,1.9,1.7,waist,knee,knee,,knee,0,
27,20150129,68,17,6,2.3,2.2,2.3,2.3,2.4,ankle,,,waist,waist,74,19,23,1.7,1.6,1.4,1.8,1.2,,shin,,shin,thigh,74,30,73,1.9,1.9,3.3,1.7,3.2,thigh,,shin,shin,,0,
28,20150127,15,25,60,,,,,3.1,shin,knee,knee,shin,shin,34,53,60,3.3,2.6,2.8,3.4,2.2,shin,shin,shin,knee,shin,23,57,0,0.7,1.8,2.4,1.7,1.3,shin,shin,shin,shin,shin,0,
30,20150126,78,94,3,0.6,1.7,1.4,1.8,1.2,knee,shin,knee,shin,knee,34,89,16,1.7,2.3,1.9,2.3,2.2,shin,knee,shin,knee,shin,65,72,7,2.2,2.6,1.5,1.8,2.2,knee,knee,knee,knee,knee,0,
32,20150220,74,50,21,19,2.4,1.9,1.9,1.9,knee,knee,knee,,knee,68,56,0,2.2,1.9,1.8,2.1,1.7,knee,knee,knee,knee,knee,84,38,0,2.3,2.5,2.3,2,1.9,knee,knee,knee,knee,knee,0,
33,20150220,57,45,0,2.2,2,2.7,2,1.7,shin,shin,shin,shin,shin,72,40,0,2.5,2.3,1.9,1.7,2,shin,knee,shin,shin,knee,88,29,0,2.7,2,2.3,1.9,2.4,shin,shin,shin,shin,shin,0,
34,20150127,3,80,0,0.2,0.2,0.1,0.3,,shin,waist,shin,shin,knee,5,79,0,0.2,,,0.3,0.1,thigh,knee,waist,waist,knee,11,76,0,1.2,0.4,0.2,,0.2,waist,knee,waist,waist,waist,0,
35,20150127,2,74,0,0.2,0.3,1.4,0.3,1.2,waist,waist,waist,waist,waist,7,86,14,1.5,1.4,1,0.4,1.2,waist,chest,waist,waist,chest,2,84,16,,1.2,1,,,waist,waist,waist,waist,waist,0,
36,20150127,13,84,18,0.2,2,3.2,1.6,1.2,ankle,waist,ankle,ankle,knee,6,90,0,0.3,1.4,0.3,,0.6,waist,ankle,waist,waist,ankle,9,92,14,0.2,1.4,0.3,,,ankle,knee,ankle,ankle,waist,0,
37,20150127,54,67,0,1.7,1.5,0.9,1.3,1.7,waist,waist,waist,waist,waist,14,79,6,1.3,1.1,0.9,,1.4,knee,knee,waist,knee,waist,42,59,0,1.7,2.3,1.9,1.6,1.5,waist,waist,waist,waist,knee,0,
38,20150127,16,92,46,,,2.6,2.3,1.9,waist,waist,waist,thigh,waist,11,100,9,0.3,0.7,1.2,1.8,1.9,knee,knee,knee,knee,waist,26,79,11,,1.9,1.7,1.2,1.3,knee,knee,knee,waist,waist,0,
39,20150127,48,29,34,2,1.8,1.9,2.1,2.2,thigh,knee,knee,,thigh,17,91,16,1.8,1.9,1.4,2.6,1.6,ankle,knee,ankle,knee,waist,7,97,0,0.9,0.4,1.2,0.6,1.3,knee,knee,knee,knee,knee,0,
40,20150127,77,29,8,1.9,1.9,1.9,1.7,1.9,shin,,,,shin,46,48,0,,1.8,1.7,1.7,1.9,knee,knee,,,knee,59,37,4,1.6,1.8,1.7,1.9,1.6,ankle,shin,shin,,,0,
41,20150127,37,52,4,1.8,1.9,1.7,1.8,1.6,shin,shin,shin,shin,shin,44,39,0,1.7,1.4,1.3,1.9,1.6,ankle,ankle,,,ankle,24,52,16,1.1,1.7,1.6,1.8,1.3,shin,shin,ankle,,shin,0,
42,20150127,62,41,33,1.8,2,1.7,1.3,1.9,chest,chest,,chest,chest,79,19,21,2.2,2.1,1.7,2.3,1.6,thigh,waist,thigh,chest,thigh,57,35,11,1.8,1.3,1.6,2,1.9,shin,waist,thigh,shin,shin,0,
43,20150128,2,78,19,,,0.3,,,thigh,thigh,thigh,thigh,thigh,71,62,36,2.4,1.5,1.3,3.2,2.6,thigh,thigh,thigh,thigh,thigh,82,67,44,2.7,3.3,1.7,2.4,1.6,thigh,thigh,thigh,thigh,thigh,0,Limited clearing of Dichrostachys between first visit and veg sampling
44,20150128,54,94,0,2.7,2.9,3.2,1.9,3.3,shin,shin,shin,shin,shin,71,91,6,2.2,2.3,1.9,2.6,2.7,shin,shin,shin,shin,shin,78,86,63,2.2,2.7,2.9,3.2,2,shin,shin,shin,shin,shin,0,
45,20150128,15,92,67,1.9,1.7,1.8,2.3,2.6,shin,shin,knee,shin,shin,61,87,73,1.2,1.4,0.8,1.7,1.9,shin,shin,shin,shin,shin,4,80,78,0.4,1,1.3,0.7,1,knee,knee,shin,knee,knee,0,
46,20150128,0,94,92,,1.4,0.7,,1.4,knee,knee,knee,knee,knee,16,88,79,1.2,2.2,2,2.3,1.9,shin,shin,shin,knee,shin,7,72,56,1.1,1.4,1.3,1.7,1.6,knee,shin,knee,knee,shin,0,
47,20150128,66,84,37,1.6,2.2,2.7,3.2,1.9,thigh,waist,knee,knee,waist,77,85,6,2,2.2,1.8,1.7,2.2,knee,knee,waist,knee,knee,93,45,17,2.2,2.2,2.7,1.9,2.6,,,waist,knee,knee,0,
48,20150129,100,36,29,3.1,3.3,2.9,3.3,3.5,shin,shin,,,thigh,67,17,62,2.6,2.7,3.1,,1.7,knee,knee,knee,,ankle,39,33,57,2.4,2.7,2.9,2.7,2.6,knee,thigh,waist,knee,knee,0,
49,20150129,36,89,63,2.5,2.6,3.2,2.3,3.3,knee,knee,knee,knee,knee,40,79,61,0.5,1.2,2.7,3.2,1.9,thigh,waist,knee,thigh,thigh,56,94,34,1.2,1,1.7,2.7,3.3,waist,waist,,knee,knee,0,
50,20150129,87,56,62,1.3,1.9,2.7,2.9,1.7,waist,chest,waist,waist,waist,17,92,29,2.3,2.7,1.7,2.6,3,waist,waist,chest,waist,chest,83,54,17,2.3,2.1,2,1.9,2.6,knee,knee,knee,,knee,0,
51,20150128,17,78,32,1.2,1.7,2.4,2.4,1.9,knee,knee,knee,knee,knee,59,72,68,2.1,2.9,1.7,2.9,3.4,,knee,knee,thigh,knee,37,76,17,1.7,1.6,2.6,2,1.9,thigh,thigh,knee,waist,knee,0,
52,20150130,11,97,34,1.3,1.5,1.9,1.2,2.2,knee,knee,knee,knee,knee,7,92,88,1,1.3,1.6,,1.3,knee,knee,knee,knee,knee,26,83,68,2.2,2.4,3.1,1.9,2.2,thigh,knee,knee,thigh,knee,0,
53,20150130,26,91,77,0.2,2.2,2.7,1.9,0.9,knee,knee,knee,knee,knee,37,86,35,3.2,1.7,1.2,1.4,2.3,shin,shin,shin,shin,shin,49,96,22,0.9,3.3,3.3,3.3,3.3,thigh,thigh,knee,knee,knee,0,
54,20150130,16,66,17,0.2,1.2,1.2,0.8,1,ankle,,ankle,ankle,ankle,59,48,55,2.2,1.3,3,3.2,2.9,ankle,,shin,knee,,36,79,0,1.7,3.2,3.3,3,2.4,knee,thigh,knee,knee,knee,0,
55,20150130,47,88,36,1.6,2.3,2.6,2.4,2.2,knee,waist,knee,knee,knee,29,92,50,2.9,3.3,2,3.2,2.7,waist,waist,waist,waist,waist,37,79,16,0.3,2.6,2.6,2.4,0.5,knee,knee,ankle,ankle,knee,0,
56,20150130,68,33,33,2.7,2.9,3.2,2.6,2.5,knee,knee,knee,knee,knee,74,54,0,1.2,3.3,3.3,2.9,3.1,shin,shin,thigh,shin,ankle,59,60,22,1.7,2.4,2.7,1.9,1.6,shin,knee,knee,knee,knee,0,
58,20150130,55,40,17,1.3,1.3,1.4,1.7,1.4,waist,waist,waist,waist,waist,26,80,62,1.1,1,1.6,1.8,1.7,thigh,thigh,waist,thigh,thigh,67,28,27,1.2,1.7,1.2,1.8,1.2,knee,knee,,knee,knee,0,
59,20150130,27,74,19,1.2,1.5,1.7,1.9,1.3,ankle,ankle,knee,knee,ankle,15,80,42,2.4,0.8,1.9,3.2,2.6,shin,shin,knee,shin,knee,42,78,62,2.5,2.5,2.6,2.4,1.7,knee,knee,shin,knee,knee,0,
60,20150130,27,65,30,0.3,0.9,2.6,2.4,2.2,shin,shin,ankle,ankle,shin,40,72,38,2.9,2.7,3.3,2.2,1.9,shin,shin,shin,shin,shin,24,79,59,2.2,2.7,2.6,3,2.9,knee,knee,waist,knee,shin,0,
61,20150130,27,86,64,1.7,1.2,3,2,2.4,knee,knee,knee,knee,knee,18,92,17,2.3,1.2,1.3,2.2,2.7,knee,knee,knee,waist,knee,29,68,16,1,2.2,1.3,1.2,1.3,shin,shin,shin,knee,shin,0,
62,20150223,63,54,49,3.5,3.5,2.4,1.7,2.2,knee,,,knee,knee,79,66,17,3.5,3.1,3.2,3.2,2.9,knee,knee,knee,knee,knee,68,59,30,0.5,3.5,3.5,3.5,2.4,knee,shin,shin,shin,knee,0,
63,20150223,100,7,7,3.5,3.5,3.5,3.5,3.5,shin,shin,,shin,shin,100,29,0,3.5,3.5,3.5,3.5,3.5,shin,shin,shin,shin,shin,100,17,0,3.5,3.5,3.5,3.5,3.5,shin,shin,shin,shin,shin,0,
64,20150223,68,79,9,3.5,3.5,3.5,3.5,3.3,knee,knee,knee,knee,knee,100,66,11,3.5,3.5,3.5,3.5,3.4,knee,knee,,knee,knee,79,54,7,3.5,3.1,2.9,2.2,,ankle,shin,knee,knee,knee,0,
65,20150223,62,11,70,3,2.7,2.9,3.5,1.7,,,,knee,knee,100,6,94,3.3,2.9,3.2,3.5,3.5,,,,,,97,3,51,3.3,3.3,3.3,2.7,2.6,,,,,,0,
66,20150223,84,59,63,1.7,2.7,2.6,2.6,1.7,waist,waist, ,waist,waist,11,92,89,,,,1.7,2.6,waist,waist,waist,waist,waist,21,92,21,3.3,2.9,1.6,,,waist,waist,waist,waist,waist,0,
67,20150223,84,96,21,3.5,2.9,3.5,3.3,3.1,waist,knee,knee,knee,knee,49,96,84,2.3,2.7,3.5,2.6,1.9,knee,knee,knee,knee,knee,29,96,51,2.7,2.9,2.6,3.1,0.7,chest,knee,knee,chest,knee,0,
68,20150223,100,2,31,3.5,2.9,3.3,3.3,2.7,,,,,,100,5,29,1.9,2.9,3.5,3.5,1.7,,,,,,95,8,21,2.9,2.9,2.6,2.6,1.9,,,shin,shin,,0,
69,20150223,11,94,78,,0.9,,,,waist,waist,waist,waist,waist,84,9,86,2.2,2.6,2.1,2.9,2.2,,,shin,,,79,26,59,1.9,3.5,1.6,0.9,1.4,waist,knee,waist,waist,waist,0,
70,20150223,100,17,24,3.5,3.5,3.2,3.5,3.2,knee,knee,,,knee,47,60,31,3.5,3.5,1.9,1.3,1,,knee,knee,waist,waist,59,63,19,3.5,3.3,3,1,1.3,shin,knee,knee,knee,waist,0,
75,20150219,21,30,0,3.2,,3.5,2.7,0.6,ankle,ankle,ankle,ankle,ankle,19,27,0,0.3,3.5,2.2,2.1,1.7,ankle,ankle,ankle,ankle,ankle,17,32,0,2.9,0.7,,,1.2,ankle,ankle,ankle,ankle,ankle,0,
76,20150219,14,45,14,0.1,0.1,0.7,3.5,2.7,ankle,ankle,ankle,ankle,ankle,9,32,8,,1.2,0.7,1,,ankle,ankle,ankle,ankle,ankle,5,21,0,2.9,0.2,0.2,0.6,2.7,ankle,ankle,ankle,ankle,ankle,0,
77,20150219,14,17,8,1.6,0.9,1.4,2.7,0.6,ankle,ankle,ankle,ankle,ankle,11,19,0,1.9,0.3,0.4,3.5,0.9,ankle,ankle,ankle,ankle,ankle,9,15,0,0.3,0.3,0.7,0.6,0.9,ankle,ankle,ankle,ankle,ankle,0,
78,20150219,19,31,6,0.3,0.5,1.9,1.7,0.4,ankle,ankle,ankle,ankle,ankle,24,30,0,0.2,0.2,1.6,1.3,1.2,ankle,ankle,ankle,ankle,ankle,22,29,5,1.7,1.3,1.4,1.2,0.9,ankle,ankle,ankle,ankle,ankle,0,
79,20150219,17,21,0,0.8,1.3,0.7,0.6,1.2,ankle,ankle,ankle,ankle,ankle,21,23,0,1.6,1.2,1.2,2,1.7,ankle,ankle,ankle,ankle,ankle,19,21,0,1,2.2,0.7,0.5,1.3,ankle,ankle,ankle,ankle,ankle,0,
80,20150219,37,40,0,1,1.2,1.6,1.3,1,ankle,ankle,ankle,ankle,ankle,33,36,0,0.8,1,2.1,1.6,1.2,ankle,ankle,ankle,ankle,ankle,17,29,0,1.2,1.4,,,2.3,ankle,ankle,,ankle,ankle,0,
81,20150219,17,15,0,0.3,0.6,0.4,0.8,0.3,ankle,ankle,ankle,ankle,ankle,14,17,6,0.2,0.9,1.2,2.3,1.3,ankle,ankle,ankle,ankle,ankle,6,16,21,0.9,1.3,0.9,2.3,1.3,ankle,ankle,ankle,ankle,ankle,0,
82,20150219,19,16,0,0.3,0.8,1.4,0.3,0.6,ankle,ankle,ankle,ankle,ankle,64,16,0,3,2.9,3.3,2.7,2.4,ankle,ankle,ankle,ankle,ankle,67,17,8,2.6,3.5,3.5,3,2.7,ankle,ankle,ankle,ankle,ankle,0,
83,20150219,16,12,0,,0.6,0.6,2.3,2.4,ankle,ankle,ankle,ankle,ankle,27,9,8,0.4,0.6,2.4,1.8,1.6,ankle,ankle,ankle,ankle,ankle,31,7,0,0.6,2.4,3.3,2.9,1.4,ankle,ankle,ankle,ankle,ankle,0,
84,20150219,78,7,0,2.2,3.5,3.5,1.6,1.7,ankle,ankle,ankle,,ankle,63,8,0,3.4,3,1.2,2.1,0.7,ankle,ankle,ankle,ankle,ankle,72,6,0,1.5,3.5,3.3,1.4,1.2,ankle,,ankle,ankle,ankle,0,
85,20150219,7,9,0,1.4,0.7,0.2,0.6,1.9,,ankle,ankle,ankle,ankle,59,6,11,0.6,1.9,2.3,2.3,1.7,ankle,ankle,ankle,ankle,ankle,39,4,0,2.3,0.7,2.7,2.3,1,,,,ankle,,0,
86,20150219,17,7,7,1,0.2,0.9,2.4,0.3,ankle,,,ankle,,11,8,0,0.2,0.2,0.8,3.4,0.6,,ankle,ankle,ankle,ankle,16,4,0,3.2,0.2,,,,,ankle,shin,shin,ankle,0,
87,20150219,29,21,0,1.9,1.7,1.4,2.2,1.6,shin,,shin,,shin,41,19,15,2,1.8,1.9,2.4,2.5,,ankle,,ankle,,21,23,0,1.3,2.3,,2.7,2.9,ankle,ankle,shin,ankle,ankle,0,
88,20150131,18,22,0,0.3,0.3,1.9,2.4,0.2,,,,ankle,,9,16,0,0.3,2.6,0.2,0.9,0.8,,ankle,,ankle,,11,9,20,0.3,0.7,2.3,0.6,0.4,,ankle,,ankle,,0,
89,20150131,56,29,16,2.6,2.8,3.2,2.7,2.4,shin,ankle,shin,shin,,60,27,9,1.2,1.7,2.3,2.6,1.4,ankle,ankle,,,ankle,35,30,0,1,2.7,1.2,1.2,2.2,ankle,ankle,ankle,shin,ankle,0,
90,20150131,48,21,14,1.7,1.3,2.4,2.6,1.9,ankle,ankle,shin,,shin,27,19,33,2,1.2,3.2,1.7,1.6,ankle,ankle,ankle,ankle,ankle,22,14,9,0.3,2.2,0.9,1.2,2.4,ankle,ankle,ankle,ankle,ankle,0,
91,20150131,46,3,29,1.4,2.7,1.9,2.6,1.7,,knee,,,ankle,44,6,0,1.7,2.9,1.4,1.3,2.4,ankle,ankle,,,ankle,11,9,4,1.1,0.9,0.7,1.4,2.3,,,ankle,ankle,,0,
92,20150131,31,4,17,1.1,1.2,2.7,1.4,,,ankle,,,,27,5,0,1.2,1.6,3.2,1.7,1.2,,ankle,,,ankle,17,20,0,1.9,0.4,0.3,0.7,1.3,,ankle,ankle,ankle,shin,0,
93,20150203,74,60,7,1.9,2.4,2.3,2.4,2.4,shin,shin,ankle,shin,shin,88,41,7,2,2.6,2.5,2.6,1.9,ankle,shin,ankle,shin,ankle,78,37,11,2.2,2,2.3,2.4,2.2,ankle,ankle,shin,shin,ankle,0,
94,20150203,88,45,0,2.9,2.7,1.9,2.8,2.8,shin,shin,shin,shin,shin,84,36,19,2.1,2.6,3.4,3.4,1.9,shin,shin,ankle,ankle,ankle,29,48,71,2.2,2.3,1.9,2.7,2.9,ankle,ankle,ankle,ankle,ankle,0,
95,20150203,82,34,11,1.8,2.3,2.6,2.4,2.6,ankle,shin,ankle,shin,shin,78,22,9,1.8,1.9,2.3,2.6,2.2,ankle,ankle,ankle,,ankle,91,16,4,2.8,2.7,3.2,2.9,2.7,shin,,,shin,ankle,0,
96,20150203,6,59,100,,,,,,shin,shin,shin,shin,shin,0,44,73,,,,,,ankle,shin,shin,shin,shin,8,41,76,1.9,1.3,,,,shin,ankle,shin,shin,shin,0,
97,20150203,78,30,0,2.4,2.6,2.6,2.5,2.7,ankle,ankle,ankle,ankle,ankle,92,18,37,2.4,2.6,2.4,2.4,2.4,ankle,ankle,,ankle,ankle,96,24,13,3.3,3,3.2,2.9,3.4,ankle,,,ankle,ankle,0,
98,20150203,16,32,67,,1,,,,shin,shin,ankle,shin,ankle,29,19,94,2.7,2.9,3.4,3.4,2.6,ankle,shin,shin,shin,shin,49,17,78,2.3,2.9,2.4,2.2,2.9,ankle,shin,knee,knee,shin,0,
99,20150203,29,19,100,2.7,2.9,2.6,2.4,2.1,shin,shin,,shin,shin,27,30,30,2.6,2.6,2.8,3.2,2.2,shin,shin,shin,shin,shin,16,15,74,2.3,2.2,1.7,1.4,2.3,knee,shin,knee,shin,shin,0,
100,20150203,29,16,0,3.3,2.7,2.2,3.3,2.2,,,ankle,,,38,11,7,1.1,2,2.7,2.5,2.5,ankle,shin,ankle,,ankle,17,26,0,2.5,,2.9,3.2,3.3,shin,knee,knee,shin,ankle,0,
102,20150203,96,74,0,3.4,3.2,2.9,3.2,3.3,shin,shin,shin,shin,shin,87,68,7,3.4,3.3,3.4,3.4,3.2,ankle,shin,ankle,ankle,ankle,91,59,30,3.5,3.4,3.3,3.4,3.4,shin,shin,ankle,shin,ankle,0,
103,20150225,100,30,0,2.8,2.8,2.8,2.8,2.8,shin,shin,ankle,ankle,ankle,89,24,8,2.4,2.4,2.6,1.9,2,ankle,ankle,ankle,ankle,ankle,96,27,6,3,2.7,2.7,2.6,3,ankle,shin,shin,ankle,ankle,0,
104,20150225,15,19,92,1.8,1.2,0.7,,,ankle,ankle,ankle,ankle,ankle,78,15,40,2.9,3.4,3.4,3.2,2.7,ankle,ankle,ankle,ankle,ankle,94,17,16,3.3,3.5,3.3,3.2,3.3,ankle,ankle,ankle,ankle,ankle,0,
105,20150225,100,6,0,3.3,3.3,3.3,3.3,3.2,shin,, ,shin,shin,64,7,0,3.2,1.7,1.4,3.2,3,shin,,,,shin,59,13,35,1,0.9,2.9,2.9,2,,shin,shin,shin,shin,0,
106,20150225,100,11,9,3.2,2.9,3.1,2.9,2.9,,ankle,,ankle,ankle,100,9,0,3.3,2.9,2.9,3.2,3.1,ankle,, ,ankle,,100,4,0,3.5,2.6,2.2,2.4,2.1,,,,ankle,ankle,0,
107,20150225,19,30,85,2.4,3.5,3.5,2.7,3.5,ankle,ankle,ankle,shin,shin,100,34,18,3.5,2.9,2.9,2.7,3.2,shin,shin,ankle,shin,ankle,100,27,16,3.5,2.5,2.9,2.7,3.2,ankle,ankle,,,ankle,0,
108,20150225,100,6,11,3.1,3.2,3.2,3.1,3,,ankle,ankle,,ankle,100,8,0,2.9,3,3.2,2.9,1.9,ankle,ankle,ankle,,,100,5,14,3.4,3.4,3.2,3.2,3.2, ,ankle,ankle,ankle,ankle,0,
109,20150225,78,11,5,2.9,3.3,2.7,2.7,2.4,ankle,ankle,,ankle,ankle,67,4,17,2.8,2.2,2.4,2.6,1.6,,,,ankle,ankle,54,7,13,2,2.3,2.4,2,1.9,,,ankle,ankle,,0,
110,20150225,78,26,0,3.5,1.6,3,3,2.7,ankle,ankle,ankle,ankle,ankle,89,19,16,2.5,2.7,2.4,2.4,1.9,ankle,ankle,ankle,,ankle,94,16,22,2.5,2.9,2.9,2.4,1.7,ankle,ankle,ankle,ankle,ankle,0,
111,20150225,100,9,60,2.3,2.1,1.7,1.6,2.2,,,,ankle,ankle,55,4,92,3.3,2.9,0.7,1.2,1.1,,,shin,ankle,ankle,74,7,57,3.5,2.9,2.9,2.6,1.4,ankle,ankle,ankle,shin,ankle,0,
112,20150131,7,15,0,,0.3,2.5,2.7,0.4,ankle, ,,,ankle,16,55,0,0.8,0.6,3.2,0.9,1.4,,,ankle,ankle,shin,17,39,8,1.3,2.3,1.1,1.6,0.5,,,,ankle,ankle,0,
113,20150131,97,20,0,2.4,2.3,2.4,2.3,2.4,shin,ankle,,ankle,ankle,86,17,0,2.6,2.4,2.6,2.2,2.6,shin,ankle,ankle,shin,ankle,98,42,7,2.5,2.4,2.4,2.3,2.5,,ankle,ankle,shin,ankle,0,
114,20150131,68,10,0,2.4,2.2,2.5,2.6,2.5,,ankle,,ankle,,74,13,17,2.4,2.7,2.2,0.7,1.4,,,ankle,ankle,,82,11,8,2.5,2.4,2.5,2.5,2.4,ankle,ankle,,ankle,ankle,0,
115,20150131,24,17,0,2.3,2.9,2.7,2.3,2.9,ankle,ankle,ankle,,ankle,31,14,12,2.8,2.4,1.7,2.6,2.6,,ankle,ankle,,,19,16,0,2.3,2.4,2.6,1.9,2.4,,ankle,ankle,,,0,
116,20150131,84,11,9,2.4,2.7,2.6,2.4,2.9,ankle,ankle,,,ankle,54,7,4,0.5,0.6,2.3,2.7,2.4,,,ankle,,,46,9,0,2.4,1.9,2.6,2.4,2.4,,,,,ankle,0,
117,20150131,34,11,0,3,2.7,0.9,2.3,,ankle,ankle,,,,21,9,11,1.2,1.2,0.6,2.6,1.4,ankle,ankle,,,ankle,36,4,0,0.5,0.9,2.2,0.7,2.3,,,,,ankle,0,
118,20150131,5,7,0,,0.1,,2.4,,,,,,,15,6,0,,,0.8,0.4,,,,,,,7,4,12,1.4,1.2,,,1.3,,,,,,0,
119,20150131,68,19,17,1.7,2.6,2.9,1.7,1.4,ankle,ankle,,,,48,16,0,2.3,2.2,2.7,2.2,2.1,ankle,,,ankle,,57,14,24,2.9,3.2,2.9,2.7,1.9,ankle,ankle,,ankle,ankle,0,
120,20150131,84,29,0,2.2,2.2,2.3,2.2,2.3,,ankle,ankle,ankle,,91,28,0,2.3,2.4,2.3,2.3,2.3,ankle,,,ankle,,68,44,0,1.9,2.1,2.1,2.3,2.3,ankle,ankle,ankle,ankle,,0,
121,20150124,34,76,0,2.7,0.4,2.6,1.8,3.3,68,130,54,84,38,39,100,0,0.4,3.1,2.7,0.9,2.3,130,126,142,109,129,21,100,0,3.1,1.9,1.6,2.4,2,140,140,136,124,146,0,
122,20150124,65,35,10,3.2,2.3,1.9,2.2,0.9,30,30,80,115,115,35,70,30,2.7,2.4,3.1,2.7,nan,45,29,26,38,55,20,85,12,2.4,2.1,1.9,2.3,2.1,88,76,35,94,110,0,
123,20150124,85,74,6,3,2.6,3.4,2.4,3.3,knee,waist,waist,knee,waist,18,96,0,2.4,2.7,2.9,2.7,2.3,knee,waist,chest,chest,chest,40,98,0,2,2.6,2.2,1.9,nan,waist,knee,knee,waist,waist,0,
124,20150124,54,45,8,2.4,2.6,3.3,2.5,2.7,knee,knee,shin,shin,knee,48,85,0,3.4,2.6,3.2,3.1,2.8,knee,ankle,waist,knee,waist,76,80,0,3.5,3.3,3.3,3,2.9,knee,knee,ankle,knee,knee,0,
125,20150124,18,100,15,2.6,2.4,2.9,2.5,2.4,chest,chest,chest,chest,chest,8,100,0,2.9,,3.3,,2.2,waist,chest,waist,chest,chest,28,92,15,1.9,2.6,1.6,,1.9,knee,chest,ankle,chest,chest,0,
126,20150124,36,100,36,2.4,1.9,2.2,3.1,2.2,chest,waist,chest,chest,chest,11,100,40,2.2,3.1,2.2,1.9,2.4,chest,chest,chest,chest,chest,26,100,16,2.7,2.6,2.6,2.4,1.9,chest,chest,chest,chest,chest,0,
127,20150124,10,40,65,3.7,,3.2,,3.6,chest,head,shin,shin,waist,14,80,46,1.6,,2.3,2.6,1.9,head,chest,chest,waist,chest,7,100,4,3.4,,,3.2,2.6,chest,chest,chest,chest,chest,0,
128,20150124,29,86,18,1.9,2.2,1.7,2.2,1.7,chest,waist,chest,chest,chest,14,94,0,3.4,2.6,3.3,1.9,,shin,waist,chest,waist,chest,26,96,16,2.2,3.4,1.9,2.4,2.6,waist,chest,chest,waist,waist,0,
129,20150124,32,96,0,2.1,2.3,3.1,1.2,1.7,chest,waist,chest,waist,waist,58,74,0,2.2,1.7,2.1,1.4,2.3,waist,waist,waist,chest,waist,12,94,14,2.2,2.7,1.9,1.6,2.6,waist,waist,waist,waist,waist,0,
130,20150204,78,5,0,3.1,3.1,2.9,3.2,3.1,,ankle,,,ankle,94,9,0,2.7,2.7,2.9,2.7,2.7,ankle,ankle,,,,84,6,0,2.6,2.7,2.6,2.6,2.7,,,,,,0,
131,20150204,92,7,35,2.6,2.6,2.4,2.7,2.6,ankle,ankle,,,,100,4,29,2.7,2.4,2.6,2.4,2.4,ankle,,,ankle,ankle,94,6,17,1.9,2.4,2.4,2.6,1.9,ankle,,,ankle,,0,
132,20150204,78,19,0,3.3,2.9,3.2,3.2,2.8,ankle,ankle,ankle,ankle,ankle,84,22,6,3.2,2.9,2.9,2.9,2.7,ankle,ankle,ankle,ankle,ankle,69,24,11,2.3,2.4,3.4,2.4,2.4,ankle,,,ankle,ankle,0,
133,20150204,99,26,11,3.3,3.2,3.3,3.3,3,ankle,ankle,ankle,,ankle,100,23,11,3.2,3,3.2,3.2,3,ankle,ankle,ankle,ankle,ankle,88,29,0,3,3.2,3,2.9,3.1,ankle,ankle,ankle,ankle,ankle,0,
134,20150204,100,7,16,2.7,2.7,2.9,2.7,2.7,,,,,,100,5,7,2.6,2.5,2.7,2.6,2.6,,,,,,100,6,8,2.6,2.9,2.7,2.6,2.6,ankle,,,,ankle,0,
135,20150204,96,8,0,3.3,2.9,2.6,3.2,2.7,,,ankle,,,78,6,9,2.3,3.3,1.7,2.6,2.3,ankle,,,ankle,,67,3,4,2.6,2.4,2.6,2.4,2.9,,,,,,0,
136,20150204,100,6,7,3.1,3,2.9,3.1,3.2,,,,,,83,4,11,3.3,3,2.9,2.7,3.2,,,,,,99,5,18,3.3,3.2,2.9,2.7,3.2,,,,,,0,
137,20150204,84,25,11,2.4,2.4,3.4,2.9,2.4,,,,,,90,18,4,2.7,3,2.7,2.4,2.2,ankle,ankle,,,,76,17,0,2.6,2.6,2.6,1.9,2.7,ankle,,,ankle,,0,
138,20150204,78,21,0,2.3,2,2.3,2.2,2,ankle,ankle,ankle,ankle,ankle,86,24,6,2.4,2.7,2.6,2.4,2.3,ankle,ankle,ankle,,ankle,66,32,4,2.7,1,2.9,2.7,3,ankle,ankle,shin,ankle,ankle,0,
139,20150218,0,100,0,,,,,,waist,waist,waist,waist,waist,0,100,0,,,,,,waist,waist,waist,waist,waist,6,100,0,,,,,3.2,waist,waist,waist,waist,waist,6,
140,20150218,10,39,0,,,2.5,,,shin,shin,waist,chest,chest,6,27,0,,,2.2,,,ankle,ankle,ankle,waist,waist,9,74,52,,,,3.3,,knee,waist,knee,knee,waist,1,
141,20150218,0,57,18,,,,,,waist,waist,ankle,ankle,ankle,0,64,0,,,,,,waist,head,head,head,head,0,82,0,,,,,,head,2.6,2.6,2.6,2.6,0,
143,20150218,0,100,0,,,,,,waist,waist,waist,waist,waist,0,100,0,,,,,,waist,waist,waist,2.4,2.7,0,100,0,,,,,,waist,waist,waist,waist,waist,0,
144,20150218,0,64,0,,,,,,ankle,waist,head,head,head,0,39,0,,,,,,head,head,head,head,head,0,84,0,,,,,,waist,chest,chest,chest,chest,0,
145,20150218,0,64,0,,,,,,waist,chest,head,head,head,0,49,0,,,,,,chest,head,ankle,head,head,0,88,0,,,,,,knee,knee,knee,head,head,0,
146,20150218,0,97,0,,,,,,ankle,knee,knee,knee,,0,86,0,,,,,,shin,shin,knee,head,head,3,82,6,0.9,2.3,,2.9,,ankle,knee,waist,waist,chest,5,
147,20150218,6,100,0,1.2,1.4,1.4,,,chest,chest,waist,chest,chest,0,100,0,,,,,,thigh,thigh,thigh,head,waist,17,84,0,1.9,2.4,,,,head,knee,waist,waist,waist,0,
148,20150218,0,57,0,,,,,,ankle,ankle,knee,knee,waist,0,39,0,,,,,,ankle,waist,waist,waist,waist,0,14,0,,,,,,head,ankle,ankle,ankle,ankle,0,
149,20150218,0,100,0,,,,,,2.9,2.9,2.9,2.9,2.9,0,100,0,,,,,,2.9,2.9,2.9,2.9,2.9,0,100,0,,,,,,2.9,2.9,2.9,2.9,2.9,0,
150,20150202,0,11,0,,,,,,ankle,knee,,,,0,48,0,,,,,,ankle,knee,ankle,knee,knee,0,68,0,,,,,,knee,knee,knee,knee,knee,0,maize/fallow mix 
151,20150202,4,11,16,0.8,0.6,2.2,,,ankle,,,waist,knee,0,29,0,,,,,,1.1,0.8,1.1,1.1,1.2,0,33,0, , , ,,,1.4,0.8,knee,knee,waist,0,maize/fallow mix 
152,20150202,2,59,0,,,1.1,1.5,,knee,waist,chest,knee,knee,0,89,0,,,,,,waist,waist,knee,waist,waist,6,91,0,,,1.8,,,knee,waist,knee,waist,waist,0,maize/fallow mix 
153,20150202,7,59,0,0.8,0.3,,2.4,,knee,knee,waist,knee,knee,2,64,0,0.8,0.3,,,,waist,waist,waist,knee,waist,14,91,3,0.8,0.6,2.3,,2.9,chest,knee,waist,chest,waist,0,maize/fallow mix 
154,20150202,12,78,0,,,2.6,0.9,,knee,waist,knee,chest,waist,17,91,0,2.4,2.2,0.3,,2.2,chest,chest,chest,waist,chest,9,82,0,,,2.9,1.9,,knee,waist,waist,chest,waist,4,maize/fallow mix 
155,20150202,4,98,0,0.6,0.4,0.5,0.8,,thigh,thigh,waist,thigh,thigh,22,96,0,0.5,2.3,3.4,2.6,2.7,knee,knee,waist,knee,knee,31,99,0,3,2.8,2.8,2.6,3.1,waist,waist,thigh,waist,waist,0,maize/fallow mix 
156,20150202,0,100,0,,,,,,thigh,chest,thigh,waist,chest,3,99,0,,,1.4,1.7,,chest,waist,chest,waist,chest,9,97,0,1.6,2.4,2.8,0.7,,waist,waist,chest,waist,waist,0,maize/fallow mix 
157,20150202,6,74,6,,,0.4,,,shin,waist,shin,waist,waist,9,54,0,,,1.2,2.7,1,shin,waist,waist,waist,waist,3,59,17,,,2.3,1.9,,knee,shin,waist,waist,waist,0,maize/fallow mix 
158,20150202,31,89,8,1.9,2.5,1.9,2.3,2.3,chest,chest,waist,chest,chest,0,100,0,,,,,,waist,chest,chest,chest,waist,4,50,0,,1.2,,,2.3,,,waist,ankle,knee,0,maize/fallow mix 
159,20150212,42,59,0,2.4,1.6,2,1.4,1.6,waist,waist,waist,waist,waist,21,64,0,2.1,1.3,1.5,1,2,knee,waist,knee,knee,waist,17,63,38,1.9,2.3,1.7,2.2,2,waist,knee,knee,knee,knee,0,
160,20150212,19,89,0,1.3,2.4,3.3,2.2,1.7,waist,waist,chest,chest,waist,59,45,36,1.2,2.3,2.3,2.2,2.4,waist,waist,waist,knee,waist,42,66,15,2.2,2,1.9,2.2,3.5,waist,waist,waist,waist,waist,0,
161,20150212,17,89,0,1.2,1.9,1.3,0.9,,knee,chest,chest,knee,knee,3,87,0,1.7,0.9,1.3,0.2,0.3,knee,knee,knee,waist,knee,29,60,38,2.4,2.2,1.9,2.6,1.7,knee,knee,ankle,shin,knee,0,
162,20150212,29,32,59,1.4,1.5,1.4,0.9,1.2,knee,knee,knee,knee,waist,11,74,16,1.9,1,1.2,1,1.2,knee,knee,knee,waist,knee,17,68,0,2.4,1.9,1,1,1.3,knee,knee,knee,knee,knee,0,
163,20150212,17,56,11,1.8,1.2,1.3,2.4,1.7,knee,knee,knee,ankle,knee,14,62,0,1.3,1.2,0.9,1.7,1.2,knee,waist,knee,knee,knee,11,54,0,1.7,1.4,2.2,0.9,2.3,knee,knee,knee,knee,knee,0,
164,20150212,6,100,0,2.2,0.3,,,0.8,210,210,210,210,200,3,100,0,2.4,0.8,,,,knee,head,head,head,head,11,100,0,0.3,2.5,0.8,0.4,0.6,knee,chest,chest,chest,knee,0,
165,20150212,19,94,0,1.6,2.2,1,2.4,0.8,chest,chest,chest,chest,chest,68,79,0,2.2,2.6,3.5,3.3,2.9,head,head,waist,waist,head,53,81,0,1.7,1.4,1.9,1.6,2.2,chest,chest,head,head,head,0,
166,20150212,17,35,21,1.9,0.3,1.1,2.6,,ankle,shin,,,knee,11,59,14,1.2,0.6,2.4,1.3,1.1,waist,waist,head,head,chest,21,74,6,1.3,1.9,1.2,0.9,3.2,waist,waist,chest,chest,waist,0,
167,20150212,11,100,0,0.7,1,,,,head,head,head,chest,head,4,100,9,0.3,1.2,,,2.6,head,head,head,head,head,30,94,65,3.4,3.3,2.9,2.7,3.3,head,head,waist,chest,waist,0,
168,20150212,76,72,24,3.5,2.4,2.6,3.2,2.6,head,head,head,waist,waist,34,68,79,2.6,2.4,2.2,2.7,3,head,head,chest,chest,head,29,84,57,1.4,1.3,1.7,1.6,1.2,head,chest,head,chest,head,0,
171,20150205,24,36,0,1.2,1.4,2.2,3.2,1.1,ankle,ankle,shin,ankle,ankle,47,42,17,1.3,2.4,2.2,2.2,2.2,ankle,ankle,shin,shin,ankle,11,38,0,2.1,1.4,1.2,0.7,0.9,ankle,ankle,ankle,shin,ankle,7,
172,20150205,16,78,0,2.3,2.4,2.3,0.7,2.2,shin,shin,knee,shin,shin,30,73,0,1.9,2.6,2.6,2.3,1.9,ankle,shin,shin,shin,shin,68,68,9,1.9,2.5,2.6,2.3,1.9,shin,shin,shin,shin,shin,0,
173,20150205,3,13,0,,,,,2.2,,,,,chest,0,35,24,,,,,,shin,knee,waist,waist,waist,16,11,33,,,2.6,2.9,2.4,,shin,,chest,chest,0,
174,20150205,32,94,45,2.3,2,2.6,3.2,3.2,waist,waist,waist,waist,waist,17,100,6,2.5,1.9,1.4,1.7,1.4,waist,waist,waist,waist,waist,45,100,0,2.5,2.7,3,2.7,2.6,waist,waist,waist,waist,waist,0,
175,20150205,0,47,11,,,,,,waist,waist,,,chest,0,32,0,,,,,,waist,shin,,,chest,0,100,0,,,,,,chest,waist,waist,chest,waist,0,
176,20150205,7,32,6,1.1,0.7,3.4,0.6,0.4,,,ankle,ankle,ankle,11,96,0,1.4,1.6,1.7,0.9,1,waist,waist,waist,waist,waist,3,100,21,1.9,1.6,0.3,,,waist,waist,chest,chest,waist,0,
177,20150205,0,100,0,,,,,,chest,chest,waist,chest,chest,7,100,9,1.2,1.6,2.2,1.2,1,waist,waist,chest,chest,waist,0,100,16,,,,,,chest,chest,chest,chest,chest,0,
178,20150205,36,64,0,,3.2,3.2,3.1,3.3,ankle,ankle,knee,ankle,ankle,9,59,17,1.7,1.9,1.2,1,0.7,ankle,ankle,ankle,ankle,ankle,59,47,9,3,2.9,3.1,2.9,2.7,ankle,ankle,ankle,ankle,ankle,0,
179,20150205,4,27,0,1.3,2.3,0.4,0.2,0.3,ankle,ankle,shin,ankle,ankle,2,36,6,0.4,0.1,0.3,,,ankle,ankle,ankle,ankle,ankle,16,32,0,2.3,1,1.2,1.2,2.7,ankle,ankle,,ankle,ankle,0,
182,20150228,65,2,2,2.6,2.7,2.4,2.9,2.7,,,,,,100,3,4,2.5,2.9,2.4,2.4,2.5,,,,,,87,3,0,2.8,2.6,2.6,2.6,2.6,,,,,,0,
183,20150228,65,2,2,2.6,2.7,2.4,2.9,2.7,,,,,,100,3,4,2.5,2.9,2.4,2.4,2.5,,,,,,84,3,0,2.9,2.8,2.8,2.7,2.9,,,,,,0,
184,20150228,78,6,31,3.5,3.5,3.2,2.7,2.6,,,,,,89,2,0,3.3,3.2,2.8,2.8,2.7,,,,,,74,3,9,2.6,2.4,2.7,2.7,2.6,,,,,,0,
185,20150228,78,6,9,2.6,3.3,2.4,2.7,2.6,,,ankle,,ankle,96,3,0,2.6,2.7,2.7,2.7,2.6,,,ankle,,ankle,98,2,0,2.9,3.1,3,3,2.7,ankle,,,,,0,
186,20150228,100,13,0,2.7,3,3.3,3,2.9,,,ankle,ankle,,100,7,0,3,3,2.9,3,2.6,,,,ankle,ankle,94,9,0,3.2,3.2,2.7,2.7,3,ankle,,,ankle,,0,
187,20150228,96,2,0,2.8,2.8,,2.8,2.8,,,,,,100,1,0,2.7,2.7,2.7,2.7,2.8,,,,,,100,0,0,2.7,2.7,2.7,2.7,2.7,,,,,,0,
188,20150228,100,3,0,3.3,3.2,3.3,2.9,2.7,,,,,,97,8,4,3.3,3.1,2.9,2.9,2.9,ankle,ankle,ankle,,ankle,91,6,0,2.4,2.9,3.3,3.3,3.2,ankle,ankle,ankle,,,0,
189,20150228,54,1,0,2.5,2.2, , ,2.6,,,,,,29,2,4,,,2.7,2.3,2.1,,,,ankle,,73,3,0,2.7,2.7,2.5,2.5,2.3,,ankle,ankle,,ankle,0,
190,20150228,89,2,0,2.6,2.6,2.6,2.6,2.6,,,,,,86,2,0,2.7,2.5,2.5,2.5,2.5,,,ankle,,,92,2,4,2.8,2.8,2.8,2.6,2.6,,ankle,ankle,,,0,
191,20150202,7,82,0,,2.1,,,,ankle,waist,waist,waist,waist,3,77,17,0.7,,,,2.4,waist,,waist,waist,waist,0,51,0,,,,,,,,chest,ankle,waist,36,
192,20150202,0,17,0,,,,,,,ankle,knee,knee,knee,11,39,0,2.2,,,,,knee,head,head,head,,2,30,0,,,,,,,,waist,waist,waist,36,
193,20150202,6,38,0,2.8,,,,,shin,ankle,ankle,ankle,ankle,13,29,17,2.8,,,1.9,,waist,waist,,,,4,31,8,,,1.9,,2.3,,,ankle,ankle,ankle,17,
194,20150202,4,88,0,0.2,0.2,0.2,,,shin,knee,shin,shin,shin,0,93,0,,,,,,ankle,ankle,knee,ankle,ankle,0,21,11,,,,,,,,ankle,,,65,
195,20150202,9,36,4,2.2,,,,,waist,head,head,,,3,19,13,,,,,,head,,,head,,0,59,0,,,,,,,,waist,chest,waist,28,
196,20150202,0,74,9,,,,,,waist,waist,waist,chest,waist,0,60,6,,,,,,waist,waist,head,chest,,11,29,3,1.9,,2.4,,,shin,head,head,,,36,
197,20150202,0,70,0,,,,,,knee,shin,knee,shin,shin,11,20,0,2.3,,,,2.6,waist,waist,,,,0,54,0,,,,,,,chest,chest,chest,,23,
198,20150202,7,21,3,,,2.9,,,,,knee,knee,chest,0,7,9,,,,,,,,,,,0,12,3,,,,,,,,knee,,chest,21,
199,20150202,0,38,0,,,,2.6,1.9,,2.3,2.6,,,13,31,7,2.4,2.6,,,,,,waist,knee,chest,8,26,11,2.4,2.7,,,,knee,,,,,12,
200,20150203,11,62,9,0.2,1,2.2,1.1,1,,ankle,ankle,,ankle,3,7,13,1.3,,,,,ankle,,,,,49,6,0,,1.8,2.7,2.9,2.7,,,,,,28,
201,20150203,32,25,0,2.3,3.4,3.2,2,1.2,,,,,,18,39,17,0.7,2.6,2.3,2.4,2.2,shin,ankle,,,ankle,26,42,6,2.3,1.9,2.4,2.2,1.8,ankle,ankle,ankle,,ankle,16,
202,20150203,7,74,0,0.8,,,0.3,2.4,ankle,ankle,,ankle,ankle,16,68,14,1.2,1,1.4,0.9,0.9,,,ankle,ankle,ankle,3,84,0,0.9,,1.2,,,knee,knee,knee,chest,chest,20,
203,20150203,6,54,0,0.3,0.9,,,,ankle,waist,waist,waist,,16,59,0,0.3,0.3,0.9,2.6,1.7,ankle,,,,ankle,4,89,0,0.3,0.4,,0.3,0.3,shin,ankle,shin,shin,ankle,17,
204,20150203,4,61,0,0.9,0.6,,1.9,,ankle,ankle,,ankle,ankle,3,48,0,0.2,0.6,,,1.2,ankle,,,ankle,ankle,19,21,11,2.3,0.6,2.4,,,shin,shin,ankle,ankle,waist,52,
205,20150203,3,45,0,0.2,1.6,0.8,2.7,,,shin,knee,knee,chest,13,29,14,0.3,0.7,2.6,,,,,,,,0,59,0,,,,,,ankle,shin,knee,,,18,
206,20150203,4,34,17,0.7,,,,,shin,shin,chest,,,6,40,39,0.3,0.3,0.8,,,,shin,shin,chest,chest,11,21,12,,0.4,3.2,0.8,0.5,,,shin,,ankle,28,
207,20150203,3,30,0,,,,,,ankle,ankle,,,,9,24,0,0.6,1.3,,,,ankle,ankle,ankle,,,6,17,7,1,0.4,,0.8,,,ankle,,,,18,
208,20150203,1,4,0,,0.2,0.1,,,,,,,,4,9,0,1.1,,,,,ankle,,,ankle,ankle,7,2,0,0.2,0.4,,0.9,1,,,,,,26,
210,20150225,7,16,12,1.2,2.3,1.7,,,,ankle,ankle,ankle,ankle,4,9,0,0.3,0.2,,,,ankle,ankle,ankle,,,6,16,0,0.2,0.2,0.7,1.1,,ankle,ankle,ankle,ankle,ankle,45,
211,20150225,0,17,8,,,,,,ankle,ankle,,,ankle,2,11,5,0.2, ,0.2,0.3,0.5,,,ankle,ankle,ankle,3,46,0,,0.3,,,3.2,,,ankle,head,head,49,
212,20150225,0,16,0,,,,,,,,ankle,,ankle,2,7,3,,0.2,,,,,,,ankle,ankle,4,9,0,0.2,0.2,1.8,,,,,,,,36,
213,20150225,21,11,9,0.7,0.4,1.2,1.6,2.6,,,,,,0,6,0,,,,,,,,,,,6,2,0,0.3,1,,,,,,,,,22,
214,20150225,41,0,15,,,2.6,2.8,2.7, ,,,,,16,8,7,,1.9,0.4,0.3,0.4,,,ankle,ankle,ankle,2,9,3,,,0.5,0.3,,,,ankle,ankle,ankle,8,
215,20150225,4,6,11,2.3,0.4,,,,,,,,,0,78,0,,,,,,chest,chest,chest,chest,,0,59,7,,,,,,chest,chest,,,head,38,
216,20150225,0,0,0,,,,,,,,,,,0,3,0,,,,,,,,,,,0,31,0,,,,,,,shin,shin,shin,shin,38,
217,20150225,0,11,0,,,,,,,,,chest,chest,0,16,6,,,,,,,chest,chest,chest,,3,0,16,,,,,,,,,,,28,
226,20150214,15,16,0,2.1,,,,,shin,shin,,,shin,2,52,0,,,,,2.7,ankle,shin,shin,shin,shin,1,56,0,,,,0.6,,shin,shin,shin,shin,shin,0,
227,20150214,0,34,0,,,,0.3,1.5,ankle,ankle,shin,shin,shin,3,31,0,,,,,2.9,ankle,shin,shin,shin,shin,7,29,0,1.6,0.4,1.2,2.2,1.1,,knee,shin,shin,shin,0,
228,20150214,3,59,0,,0.9,1.3,1,,shin,shin,shin,shin,shin,9,54,0,,2.1,3.5,2.4,,shin,shin,shin,shin,shin,4,67,0,,,1.2,,1.6,shin,shin,knee,knee,shin,0,
229,20150214,6,24,0,0.3,1.2,2.4,2.2,2,shin,shin,shin,shin,shin,21,32,0,1.1,1.3,2.5,3,2.2,shin,shin,knee,shin,shin,41,29,0,2.7,2.6,2.3,1.9,2.4,shin,shin,knee,shin,knee,0,
230,20150214,9,51,0,2.9,1.1,3,1.4,,shin,shin,shin,shin,shin,3,48,0,,1.5,2.7,,,shin,shin,shin,shin,shin,15,49,0,2.5,1.6,1.9,2.4,2,shin,shin,shin,shin,shin,0,
231,20150214,11,37,0,2.3,2,1.7,0.7,0.2,shin,shin,shin,shin,shin,8,34,0,1.8,2.3,,2.2,2.6,shin,shin,shin,shin,shin,34,39,0,,1.9,0.3,2.2,2.4,shin,shin,shin,knee,shin,0,
232,20150214,9,30,12,,0.7,1.2,1,1,ankle,ankle,shin,shin,shin,59,30,0,2.2,2.3,2,2.4,2.2,ankle,ankle,ankle,ankle,ankle,6,53,9,,,1.5,,,shin,shin,shin,knee,shin,0,
233,20150214,11,39,0,1.6,1,2,2.6,1.9,shin,shin,shin,knee,shin,14,48,6,2.3,2.5,2.3,2.5,2.2,shin,shin,shin,shin,shin,16,48,4,1.1,1.2,1.2,1.4,2.2,shin,shin,knee,shin,shin,0,
234,20150214,31,29,0,2.4,2.2,2.6,3.3,2,ankle,ankle,shin,shin,shin,14,34,0,2.3,3.5,2.6,0.9,0.7,shin,ankle,shin,,shin,23,27,21,2,2,3.3,2.2,1.6,shin,shin,knee,shin,shin,0,
235,20150214,0,3,0,,,,,,,,,,,16,3,0,0.2,1.9,2.2,0.4,1.6,,ankle,,,ankle,11,3,17,1.2,1.4,0.9,1.1,1.2,,,ankle,ankle,,23,
236,20150214,2,11,0,,,1.3,,,,,ankle,ankle,,0,2,0,,,,,,,,,,,6,2,0,,3.4,,1.2,1,,,,,,17,
237,20150214,16,6,11,,,,2.4,2.2,,,ankle,,knee,9,7,0,,1.9,0.4,,,,ankle,,ankle,ankle,2,4,0,,0.2,0.2,0.5,0.3,,,ankle,ankle,,26,
239,20150214,7,20,17,,,,2.9,3.3,ankle,,ankle,ankle,ankle,1,9,0,,,0.4,,0.2,,,,ankle,ankle,2,7,0,,0.3,0.2,1,,,,ankle,,,27,
240,20150214,59,4,0,1.4,1.6,3.2,2.4,3.5,,,,,,3,11,0,0.7,0.2,0.3,0.4,,,,ankle,,,14,17,0,0.9,1.1,1.2,0.7,2.3,,ankle,ankle,ankle,ankle,20,
241,20150214,0,1,0,,,,,,,,,,,1,3,0,,,,,,,,,,,4,7,0,,,2.4,1.9,,,,knee,knee,ankle,27,
242,20150214,4,11,0,,0.7,0.6,3.3,,,,ankle,,,3,7,0,,,0.4,,,,ankle,,ankle,ankle,1,6,18,,,0.3,,,,,,,,32,
243,20150213,18,29,70,2.3,2.7,2.4,3.1,3.3,ankle,ankle,ankle,ankle,ankle,0,7,15,,,,,,,,,shin,ankle,29,24,39,0.9,2.9,3,2.6,2.4,shin,knee,ankle,ankle,ankle,0,
244,20150213,4,0,0,,,,,2.3,,,ankle,,,16,68,15,,3.3,,,2.9,ankle,shin,shin,ankle,shin,14,79,29,2.9,2.6,3.1,,,ankle,ankle,ankle,ankle,ankle,0,
245,20150213,68,64,24,3.2,3.2,3.1,2.9,3.2,knee,knee,shin,ankle,ankle,45,62,17,2.4,3.2,1.6,0.9,2.2,knee,knee,knee,knee,knee,29,54,14,,3.1,3.1,2.9,2.7,shin,shin,,shin,shin,0,
246,20150213,1,74,14,3,,,,0.9,ankle,shin,ankle,ankle,ankle,0,76,24,,,,,,ankle,ankle,ankle,ankle,ankle,11,71,0,,3.5,1.4,,,ankle,ankle,ankle,ankle,ankle,0,
247,20150213,59,37,0,3,3.3,3,2.9,3.2,ankle,ankle,ankle,ankle,ankle,48,39,0,3.3,2.9,2.7,3.3,3,ankle,ankle,ankle,ankle,ankle,32,16,0,2.6,2.4,3.2,3.2,3,ankle,,,ankle,ankle,0,
248,20150213,0,62,0,,,,,,ankle,ankle,head,head,shin,0,42,78,,,,,,ankle,shin,ankle,ankle,ankle,13,54,37,,3.5,,1.9,,ankle,knee,knee,knee,shin,0,
249,20150213,11,79,0,2.6,3.5,3.5,2.3,2,ankle,ankle,ankle,ankle,ankle,23,84,0,1,2.4,3.2,1.4,2.8,ankle,ankle,shin,shin,ankle,26,76,0,2.9,2,2.6,1.4,2.8,ankle,shin,ankle,ankle,shin,0,
250,20150213,17,39,0,2.3,0.9,2.2,2.6,1,ankle,ankle,ankle,ankle,ankle,29,32,0,2.4,2,2.2,2,2.3,ankle,,ankle,ankle,ankle,34,41,0,2.6,2.2,2.2,2.4,3.3,ankle,ankle,ankle,ankle,ankle,0,
251,20150213,0,41,7,,,,,,ankle,ankle,ankle,ankle,ankle,0,29,0,,,,,,,ankle,ankle,ankle,ankle,39,17,0,2,2,2.1,0.9,,ankle,ankle,ankle,ankle,ankle,0,
252,20150303,49,62,4,,2.4,2.9,1.9,1.7,knee,knee,knee,knee,knee,0,40,2,,,,,,knee,knee,ankle,ankle,ankle,21,24,0,,3,2.7,2.4,3.2,ankle,ankle,knee,ankle,ankle,0,
253,20150303,3,42,4,,,,2.8,,ankle,shin,ankle,shin,shin,16,45,11,1.7,2.4,2.9,,,shin,shin,shin,shin,shin,15,39,0,2.5,2.8,2.7,2,1.9,shin,ankle,ankle,ankle,shin,0,
254,20150303,10,72,26,,2.8,,,2.2,knee,knee,knee,knee,knee,42,68,0,2.4,2.4,2.1,2,2.5,shin,shin,shin,knee,knee,5,74,28,,,2.7,3.1,,shin,shin,knee,shin,shin,0,
255,20150303,18,32,0,3.2,3.2,1.9,2.2,2.4,ankle,shin,shin,shin,shin,23,37,7,2.7,2.4,2.6,2.1,2.4,ankle,ankle,shin,ankle,shin,16,35,72,,,2.4,2.6,2.6,ankle,ankle,shin,ankle,shin,0,
256,20150303,8,14,0,,2.1,,2.6,,,ankle,ankle,,ankle,3,17,0,,,,0.6,,shin,,ankle,ankle,ankle,4,6,3,,,0.4,2.4,,,,ankle,ankle,,0,
257,20150303,5,2,0,,,,0.2,2.9,,,,,ankle,0,3,0,,,,,,,,,,,7,1,0,,2.6,,2.6,,,,ankle,,,0,
258,20150303,23,72,0,,1.9,0.5,,,,ankle,ankle,shin,ankle,11,16,0,,2.5,2.7,,2.6,,shin,,ankle,,3,58,0,,,,,2.9,ankle,shin,shin,shin,shin,0,
259,20150303,0,11,6,,,,,,ankle,ankle,ankle,ankle,ankle,9,4,4,1.8,,2.4,,,ankle,,,,ankle,7,2,0,,,,,,,,,ankle,,0,
260,20150303,11,6,15,,2.9,,2.6,,,ankle,,ankle,,0,9,47,,,,,,,ankle,ankle,ankle,,0,8,29,,,,,,,,ankle,,ankle,0,
268,20150304,48,52,0,,,2.9,2.9,2.9,chest,waist,waist,waist,waist,8,11,0,,,,2.3,2.6,ankle,ankle,ankle,,ankle,1,18,34,,,0.9,,,ankle,ankle,ankle,ankle,ankle,0,
269,20150304,94,54,8,1.9,2.3,2.4,2.4,2.2,shin,shin,shin,shin,shin,100,52,0,2.4,2.4,2.4,2.4,2.3,ankle,,,ankle,ankle,92,44,0,2.6,2.4,2.4,1.7,1.9,shin,shin,ankle,ankle,shin,0,
270,20150304,67,89,0,3.5,3.4,2.9,3.3,2.7,knee,knee,knee,knee,knee,85,93,0,2.7,2.5,2.6,2.5,2.5,chest,chest,knee,knee,chest,30,85,4,3.2,3.3,2.5,,,shin,shin,shin,shin,shin,0,
272,20150304,0,89,0,,,,,,shin,shin,shin,shin,shin,35,68,29,2.5,2.5,2.9,2,,knee,knee,shin,shin,knee,6,84,42,,0.9,1.9,2.2,,knee,knee,waist,shin,knee,0,
273,20150304,15,62,0,,3.4,1.9,2.4,2.2,knee,knee,shin,knee,knee,72,66,0,2.8,2.6,2.8,2.6,2.6,knee,knee,knee,knee,knee,59,68,0,2.8,3.2,3.3,2.4,2.1,knee,shin,shin,knee,shin,0,
274,20150213,6,100,0,3.5,2.7,,2.9,,chest,chest,chest,waist,chest,15,100,7,3.3,0.9,,,3.5,chest,head,chest,chest,chest,4,99,28,0.8,1.3,2.9,3.3,0.7,chest,chest,chest,chest,chest,0,
275,20150213,11,100,12,1.9,,,3.2,1.9,head,head,head,head,head,19,100,0,2.9,3.4,,,3.2,head,head,head,head,head,7,100,38,3.5,,,2.9,,chest,chest,head,head,chest,0,
276,20150213,6,53,15,,3.4,3.5,3.3,,shin,ankle,shin,ankle,shin,29,67,24,3.5,3.4,3.2,1.2,,shin,shin,shin,shin,knee,46,70,49,3.5,3.5,3.5,3.2,1.9,shin,shin,shin,shin,knee,0,
277,20150213,94,100,0,3.4,3.5,3.3,3.5,3.2,knee,knee,knee,knee,knee,68,94,23,3.3,3.5,3.2,3.1,2.9,knee,knee,waist,knee,knee,60,97,29,3.5,2.9,2.7,3.3,3.2,knee,knee,chest,chest,knee,0,
278,20150214,2,16,0,0.3,,0.8,,0.8,ankle,,,ankle,,0,3,4,,,,,,,,,,,14,30,0,1.1,0.9,,,,,ankle,ankle,,ankle,35,
279,20150214,14,21,0,0.3,1.1,1,0.8,0.7,,ankle,ankle,ankle,ankle,17,9,7,2.3,2.4,1.9,2.3,0.9,,,,ankle,,12,16,20,2.7,1.9,1.7,2.3,2.2,,ankle,ankle,,ankle,8,
280,20150217,14,29,0,0.5,1.2,1.6,1.7,0.4,ankle,ankle,ankle,ankle,ankle,84,36,13,2.8,2.6,2.8,2.8,2.4,shin,knee,knee,shin,shin,89,44,0,2.6,2.4,2.4,2.9,2.6,knee,knee,knee,shin,knee,0,
281,20150217,84,20,39,3.3,3.5,3.2,3.1,3.2,ankle,ankle,ankle,ankle,ankle,21,27,29,1.6,0.4,2.1,2.4,2.7,ankle,shin,shin,ankle,ankle,6,37,0,0.7,0.3,0.3,0.2,1.9,ankle,shin,shin,ankle,ankle,0,
282,20150217,59,49,80,2.6,2.2,1.7,1.6,2.4,shin,shin,shin,shin,shin,38,47,76,3.5,1,0.7,2.7,0.8,shin,shin,shin,shin,shin,27,56,48,2,0.6,2.4,2.9,2.7,shin,shin,shin,shin,shin,0,
284,20150305,39,42,0,3,2.7,0.9,0.7,1.6,ankle,ankle,ankle,ankle,ankle,72,36,0,3,2.6,2.4,2.4,2.4,ankle,,ankle,ankle,ankle,32,21,54,,2.4,2.3,2.1,2.4,,,ankle,,ankle,0,
286,20150217,36,48,31,1.7,0.4,3.2,0.6,2.9,shin,shin,knee,shin,shin,56,53,17,2.7,3.5,3.5,3.5,3.2,knee,shin,shin,shin,shin,37,50,57,3.4,2.3,3.5,1.7,3,shin,knee,shin,shin,shin,0,
287,20150217,17,54,21,0.4,0.6,2.9,3.2,0.7,knee,knee,shin,knee,knee,30,55,11,1.7,0.7,0.6,2.7,3.3,shin,shin,ankle,shin,shin,77,48,44,2.6,2.3,3.5,2.7,2.4,knee,knee,knee,shin,knee,0,
288,20150217,31,62,7,3.5,2.6,2.4,2.7,2.2,waist,knee,knee,shin,shin,84,59,37,2,2.7,2.7,2.4,2.7,knee,knee,knee,shin,knee,96,7,19,3.4,3.5,3.5,2.9,2.7,,,shin,shin,shin,0,
289,20150217,16,38,8,,0.6,2.6,1.3,,knee,shin,knee,shin,knee,13,52,17,2.6,1.9,,,0.7,knee,knee,shin,knee,knee,7,67,44,,1.8,1.4,1.3,,shin,shin,shin,shin,shin,0,
290,20150217,11,56,21,1.2,2.4,1,0.7,2.6,knee,knee,knee,shin,knee,17,42,34,1.7,1.7,0.6,0.6,0.4,shin,shin,shin,knee,knee,20,39,19,2.6,2.7,0.4,0.8,1.6,knee,knee,knee,knee,knee,0,
291,20150217,6,49,9,0.5,,,,,knee,shin,knee,knee,shin,3,52,34,,,1,,3.5,shin,shin,shin,knee,shin,3,54,21,,,1.2,,,shin,shin,shin,shin,shin,0,
292,20150305,21,42,18,0.4,,2.9,2.8,2.8,ankle,ankle,ankle,ankle,ankle,2,51,14,1,,,,,ankle,ankle,ankle,knee,knee,4,39,0,1.4,0.9,,,1.3,ankle,ankle,ankle,ankle,ankle,0,
293,20150305,56,39,24,2.6,2.9,0.9,1.8,2.3,ankle,shin,shin,shin,ankle,11,41,0,2.1,2.5,1.9,1.7,,ankle,ankle,ankle,ankle,knee,9,37,9,1.4,2.5,,,,ankle,ankle,ankle,ankle,knee,0,
294,20150305,3,47,84,,,,1.3,,shin,shin,ankle,ankle,ankle,35,42,24,2.4,2.2,2.4,1.7,1.7,ankle,shin,shin,ankle,ankle,25,52,39,2.5,2.7,2.5,2.2,2.5,shin,shin,ankle,shin,ankle,0,
295,20150305,45,34,0,2.6,3.2,3.4,2.5,2.2,ankle,ankle,ankle,shin,ankle,59,29,23,2.4,2.8,2.6,3.2,2.7,ankle,ankle,ankle,ankle,ankle,37,31,74,2.3,2,2.8,2.8,1.3,ankle,shin,shin,shin,shin,0,
296,20150305,27,29,54,,2.6,2.4,2.2,2.6,ankle,ankle,ankle,ankle,ankle,52,27,49,2.6,2.4,3.5,3.3,2.9,ankle,ankle,ankle,ankle,ankle,36,30,51,2.9,1.7,1.4,2.7,1.6,ankle,ankle,ankle,ankle,ankle,0,
297,20150305,92,18,0,2.6,2.2,2.4,2.3,2.3,ankle,ankle,ankle,ankle,ankle,47,34,67,1.3,2.4,2.9,2.7,2.2,ankle,ankle,shin,ankle,ankle,29,39,74,2.3,1.7,1.7,2.2,1.6,ankle,ankle,ankle,ankle,ankle,0,
298,20150305,18,68,19,2.9,,3,,,ankle,ankle,ankle,shin,ankle,92,59,8,2.6,2.6,2.6,2.6,2.6,ankle,ankle,ankle,ankle,ankle,84,66,7,2.4,2.4,2.3,2.3,2.4,ankle,shin,ankle,shin,ankle,0,
304,20150216,7,87,44,,0.5,0.8,2.1,,knee,knee,knee,knee,knee,17,84,9,2.4,1.7,0.8,0.9,1.7,knee,knee,knee,knee,knee,59,89,11,2.5,2.7,2.5,2.7,1.6,knee,knee,knee,knee,knee,0,
305,20150216,0,100,18,,,,,,waist,waist,waist,waist,waist,30,87,24,3.4,2.9,2.7,,,knee,knee,waist,waist,waist,0,93,72,,,,,,knee,waist,waist,waist,waist,0,
308,20150306,18,94,1,1.2,2.4,1.6,1.5,0.9,waist,waist,knee,waist,knee,44,68,36,1.2,1.6,1.8,2.4,1.6,waist,waist,shin,shin,shin,74,49,54,2.5,2.7,2.2,2.6,1.9,shin,shin,shin,shin,shin,0,
309,20150306,21,78,0,1.9,1.7,1.3,2.4,1.3,shin,shin,shin,shin,shin,3,92,37,,,,0.3,,knee,shin,knee,knee,shin,11,100,0,,,2.4,,1.9,shin,shin,shin,shin,shin,0,
310,20150306,37,79,6,,,0.3,1.4,1.4,shin,shin,knee,shin,shin,21,64,25,,,2.5,2.2,,shin,shin,knee,knee,shin,16,76,27,,0.5,0.7,2.1,,ankle,shin,shin,shin,shin,0,
311,20150306,11,77,0,,1,,1.2,1.2,shin,shin,shin,knee,shin,4,76,0,,,0.3,,,shin,shin,shin,shin,shin,17,80,3,3.1,0.3,0.2,,,shin,shin,knee,shin,shin,0,
315,20150216,11,78,0,1.5,1.3,1.2,1.4,1.2,knee,knee,knee,knee,knee,29,74,7,1,1.1,1,1.3,0.9,knee,knee,knee,knee,knee,13,81,0,1,1,1.5,0.9,0.8,knee,knee,knee,knee,knee,0,
316,20150216,36,76,0,1.3,0.9,1.4,1.4,1.4,knee,knee,knee,knee,knee,29,73,0,1.1,1.3,1.1,1,1.3,knee,knee,knee,knee,knee,17,77,4,1.6,1,1,0.7,1.3,shin,knee,knee,shin,knee,0,
317,20150216,21,60,0,1.3,1.9,1.4,1.2,2,shin,shin,shin,knee,shin,3,67,0,,,,,,knee,knee,shin,shin,knee,4,74,4,,,,,,knee,knee,knee,shin,knee,0,
318,20150216,0,100,6,,,,,,waist,chest,waist,waist,waist,0,100,0,,,,,,chest,chest,waist,chest,chest,6,100,29,0.9,0.4,,0.9,1,chest,chest,waist,chest,chest,0,
319,20150216,24,78,19,,3.5,0.7,1.2,1.2,shin,shin,knee,shin,shin,31,67,0,1.3,1.2,1.9,1.6,1.4,knee,knee,shin,shin,knee,40,64,61,3.5,2.9,2.9,2.7,2.7,shin,shin,shin,shin,shin,0,
320,20150216,84,49,0,2.3,2.2,2.4,2.3,2.3,shin,shin,shin,shin,shin,79,55,0,1.7,2.3,1.7,1.7,1.5,shin,shin,shin,shin,shin,87,48,0,1.9,2.3,1.9,1.9,1.8,shin,shin,knee,shin,shin,0,
321,20150216,29,84,0,1.1,1.7,1.9,2,2,shin,shin,knee,shin,shin,59,54,12,2,1.7,1.7,1.4,2,knee,knee,shin,shin,knee,24,73,0,1.2,1.2,0.9,1.4,1.6,shin,shin,shin,shin,shin,0,
322,20150306,27,89,38,1.8,1.6,1.7,,,waist,waist,knee,waist,waist,12,93,25,2.3,1.3,1.3,,,waist,waist,waist,waist,waist,43,89,9,2.5,3.2,,,2.9,waist,waist,waist,waist,waist,0,
323,20150306,16,89,19,0.7,0.4,0.3,1.9,1.7,knee,knee,waist,knee,knee,13,88,15,0.3,1.2,1,1.2,,knee,knee,knee,knee,knee,18,88,21,3.2,0.9,, ,0.8,knee,knee,waist,knee,knee,0,
324,20150306,3,46,0,,0.5,,,,knee,ankle,shin,shin,shin,17,39,17,0.3,0.2,1.7,1.5,1.3,shin,shin,shin,shin,shin,21,59,11,0.2,2.3,1.6,1.6,1.2,shin,shin,knee,knee,knee,0,
325,20150306,3,94,10,2.6,,0.3,,,knee,knee,knee,knee,knee,12,86,25,2,2.3,1.9,,2,knee,shin,shin,knee,knee,7,88,6,2.2,2,1.9, ,,knee,knee,shin,shin,knee,0,
326,20150306,3,89,12,0.6,0.3,1.2,0.9,0.7,knee,knee,shin,knee,knee,1,76,0,0.2,0.2,,2.4,,waist,knee,knee,knee,knee,3,94,89,,,,,,knee,knee,knee,knee,knee,0,
327,20150306,0,94,29,,,,,,knee,knee,knee,knee,knee,1,96,32,,,,0.9,,knee,knee,waist,knee,knee,0,99,0,,,,,,knee,knee,waist,waist,knee,0,
328,20150307,7,88,0,,,,1.3,,knee,knee,knee,knee,knee,9,92,0,0.4,,,0.5,2.5,shin,knee,shin,shin,shin,0,59,0,,,,,,shin,,ankle,ankle,ankle,5,
329,20150216,3,57,0,,0.6,,,1.9,shin,shin,waist,waist,knee,27,54,0,0.7,3.5,3.5,1.4,1.6,waist,waist,waist,waist,waist,7,62,0,0.4,0.6,,,,knee,waist,waist,waist,waist,0,
330,20150216,7,70,0,0.2,0.2,0.3,0.2,0.2,shin,knee,knee,knee,knee,4,72,2,0.2,0.1,0.3,0.2,0.2,waist,waist,waist,waist,waist,13,59,17,0.4,0.4,0.3,0.6,,waist,waist,knee,waist,knee,0,
331,20150216,6,47,7,0.3,0.3,0.3,2.7,0.3,shin,shin,knee,shin,shin,3,54,0,0.4,0.3,0.2,0.2,,shin,knee,shin,shin,shin,9,53,6,0.4,0.4,0.3,0.8,0.7,knee,shin,shin,shin,shin,0,
332,20150216,11,72,0,0.7,0.5,0.6,0.4,2.4,waist,waist,waist,waist,waist,3,77,0,0.2,0.4,0.7,1.9,0.6,waist,waist,knee,waist,waist,9,73,28,0.3,,0.4,1,0.6,waist,waist,knee,knee,waist,0,
333,20150307,3,94,0,,,,,,waist,waist,waist,waist,waist,18,87,0,,,3.2,2.9,2.7,waist,waist,knee,knee,shin,7,96,0,,,2.4,0.7,,waist,waist,knee,knee,waist,0,
334,20150307,7,74,0,2.9,0.8,0.5,1.3,0.7,knee,knee,knee,knee,knee,1,71,0,0.3,0.2,0.7,0.4, ,shin,knee,knee,shin,shin,2,72,0,1.1,,0.3,0.3,0.3,shin,knee,shin,shin,shin,0,
335,20150307,9,66,0,0.4,1.7,2.2,0.6,2.2,knee,knee,knee,knee,knee,8,59,17,2.5,1.3,1.2,2.7,0.6,knee,knee,knee,knee,knee,0,58,0,,,,,,knee,knee,knee,knee,knee,0,
336,20150307,6,94,0,,,2.7,,,knee,waist,knee,knee,knee,87,89,0,2.5,2.9,2.7,2.7,2.4,knee,knee,knee,knee,knee,0,79,0,,,,,,chest,knee,chest,chest,head,0,
337,20150305,0,66,26,,,,,,ankle,ankle,shin,ankle,ankle,4,68,18,,,1.7,1.4,,ankle,shin,shin,ankle,shin,15,59,0,,,,1.7,1.6,ankle,ankle,shin,shin,shin,0,
338,20150305,18,82,17,3.3,1.2,1.3,1.6,1.2,knee,knee,knee,waist,knee,5,80,0,0.3,0.9,0.4,1.3,1.2,waist,knee,knee,waist,waist,21,79,0,0.3,0.8,1.2,1.6,0.9,waist,knee,knee,waist,knee,0,
339,20150305,18,29,3,0.5,0.6,1.5,0.8,0.5,ankle,ankle,knee,ankle,ankle,8,31,0,0.6,0.3,0.3,0.2,0.4,ankle,ankle,shin,shin,ankle,11,48,6,1,0.9,0.9,,,knee,knee,shin,knee,ankle,0,
340,20150217,11,78,0,1,1.2,0.5,,0.5,waist,waist,waist,waist,waist,7,72,0,0.5,0.6,1,0.7,0.4,waist,waist,waist,waist,waist,4,82,0,0.5,0.8,0.6,,0.4,shin,shin,waist,waist,waist,0,
341,20150217,9,84,12,1,1.2,1.1,0.9,,waist,waist,knee,waist,waist,17,78,9,1.3,1.3,1,0.7,1.5,thigh,thigh,waist,thigh,waist,22,67,6,1.7,1.3,1.9,0.6,0.8,thigh,waist,thigh,thigh,waist,0,
342,20150217,21,78,56,1.3,1.3,0.9,2.4,1.4,waist,waist,thigh,waist,waist,16,80,0,3.5,1.2,1.4,0.7,1.8,waist,waist,waist,waist,thigh,18,71,24,0.9,2.8,1.2,1,1,thigh,thigh,thigh,thigh,waist,0,
343,20150217,4,78,0,0.6,0.4,0.2,1,0.3,knee,knee,shin,knee,knee,6,84,0,,1,0.6,0.8,0.3,thigh,knee,thigh,thigh,knee,0,84,0,,,,,,knee,knee,knee,knee,knee,0,
344,20150217,59,68,0,1.4,3.2,2.6,1.7,1.4,waist,waist,waist,knee,waist,17,64,6,0.3,0.9,2.7,0.4,1.3,waist,waist,thigh,waist,waist,64,64,0,3.2,2.9,2.7,3,1.4,waist,thigh,thigh,waist,thigh,0,
345,20150305,60,68,0,2.7,2.6,2.6,2.5,2.4,knee,knee,knee,knee,knee,49,69,18,2.6,2.6,2.6,2.6,2.6,shin,shin,knee,shin,knee,47,64,50,2,0.9,2.4,3.5,2.7,shin,shin,knee,shin,shin,0,
346,20150301,29,31,17,2.3,2.3,2.5,1.9,2.4,shin,shin,shin,shin,shin,17,22,11,,,,2.3,2.7,shin,shin,shin,shin,shin,34,24,0,1.9,1.9,1.8,1.9,2.4,shin,,,shin,shin,0,
347,20150301,7,54,29,,,2.7,2.6,1.6,shin,shin,shin,shin,shin,11,58,67,,1.4,1.7,1.3,0.9,ankle,ankle,shin,shin,shin,39,43,7,2.6,3.4,1.9,1.7,1.4,ankle,ankle,shin,shin,ankle,0,
348,20150301,19,54,0,1.9,2.6,1.9,2,1.4,shin,shin,shin,knee,shin,11,61,12,0.9,0.8,1.3,,,knee,shin,shin,knee,shin,27,59,0,0.8,0.7,1.7,2.8,1.9,shin,shin,shin,shin,shin,0,
349,20150301,0,60,40,,,,,,waist,waist,chest,head,,0,100,0,,,,,,waist,waist,chest,chest,waist,6,90,7,2.6,,,,,head,chest,waist,chest,head,0,
350,20150301,24,94,0,2.5,2.7,0.9,2.3,2.4,chest,chest,head,chest,chest,17,96,25,2.5,0.4,0.2,2.6,1.9,chest,chest,chest,chest,chest,18,30,94,2.6,1,1.2,1.2,1.9,chest,chest,,,,0,
351,20150301,9,94,0,1.7,2.2,1.6,0.9,,chest,chest,chest,chest,chest,29,89,0,1,1.3,2.3,1.2,1.4,chest,chest,chest,chest,chest,54,67,0,1.7,1.9,1.6,1.2,1.4,chest,chest,chest,chest,chest,0,
352,20150301,17,84,0,1.2,0.8,2.3,0.7,2.6,shin,shin,shin,,shin,11,86,13,0.2,1,1.9,0.9,2.6,shin,shin,shin,shin,shin,9,93,0,0.3,1.4,1.3,0.2,2.3,shin,shin,waist,waist,shin,0,
353,20150301,15,59,0,0.7,0.7,0.8,2.2,2.1,ankle,ankle,ankle,ankle,shin,44,55,0,0.6,0.4,2.6,1.2,1.9,shin,shin,ankle,ankle,ankle,17,62,9,0.3,0.2,2.2,0.6,3.5,shin,shin,shin,shin,shin,0,
354,20150212,15,6,100,1.6,1.2,1.3,1.2,1.1,ankle,,,ankle,ankle,9,11,100,1.4,0.9,1.2,0.8,1.3,knee,ankle,,ankle,ankle,21,4,100,1.2,0.8,1.1,0.7,0.3,ankle,ankle,shin,shin,ankle,0,
355,20150212,100,3,100,1.8,2.3,2.2,1.7,1.9,ankle,ankle,,,ankle,100,4,100,1.6,2.4,2.4,2.1,1.7,ankle,ankle,knee,shin,shin,97,6,100,2.4,2.4,2.7,1.9,2.3,shin,shin,ankle,shin,shin,0,
356,20150212,67,84,12,2.3,2.4,1.9,2.6,1.7,thigh,waist,waist,waist,waist,94,36,68,2.2,2.5,2.7,2.2,1.9,thigh,thigh,thigh,waist,thigh,58,29,11,2.5,2.7,3.2,2.4,2.6,,thigh,waist,,waist,0,
357,20150302,97,18,0,1.9,3.3,2.9,2.9,2.9,knee,shin,shin,shin,shin,89,2,35,2.4,2.7,1.7,,3.3,,,,,,83,3,65,2.4,3,3,2.7,2.9,,,,,,0,
358,20150302,100,6,100,1.9,2.9,1.7,3.5,1.6,,ankle,ankle,,,85,3,100,3.5,3.3,1.9,1.7,3,ankle,ankle,,ankle,,76,4,100,2.8,2.8,3.5,1.6,1.4,ankle,ankle,,,,0,
360,20150211,21,7,0,0.4,1.3,1.7,1.6,1.4,,,shin,,,33,9,7,1.2,2.9,2.7,3.2,2.9,ankle,,,ankle,shin,27,16,0,1.8,2.3,2.4,1.9,1.7,,,shin,,ankle,0,
361,20150211,97,19,8,2.9,3.5,2.7,3.3,3.3,shin,,shin,shin,shin,64,24,0,2.3,1.9,1.7,2.4,2.2,shin,shin,ankle,ankle,shin,29,17,30,2.3,2,2.2,2.6,1.9,ankle,ankle,shin,shin,ankle,0,
362,20150211,39,64,15,3,3,2.7,2.5,3.1,knee,knee,knee,knee,knee,32,59,59,0.8,1.2,1.1,0.9,1.4,knee,thigh,knee,knee,knee,14,72,12,0.7,2.8,1,2.6,1.5,knee,knee,thigh,knee,thigh,0,
363,20150211,17,79,0,1.1,2.3,1.2,1.3,2.3,knee,shin,shin,shin,knee,54,74,0,1.3,1.7,2.2,2.3,1.4,shin,shin,knee,shin,shin,56,68,24,1.7,2.3,1.6,1.9,2.2,shin,knee,knee,shin,shin,0,
364,20150211,78,16,22,3.2,3.3,3,2.9,2.7,,,ankle,ankle,ankle,33,14,57,1,1.8,2.3,1.7,1.4,shin,shin,shin,shin,shin,16,21,58,,,1.4,2.1,2.3,knee,,knee,shin,shin,0,
365,20150211,27,54,0,1.2,1.2,1,0.8,1.4,ankle,ankle,ankle,ankle,ankle,17,62,0,1,0.8,1.2,2.3,1.2,shin,shin,shin,shin,shin,14,66,0,1.4,0.6,3.5,2.4,2.8,ankle,shin,shin,ankle,ankle,0,
366,20150211,78,58,14,3,3.2,3.1,3.4,2.9,ankle,shin,ankle,ankle,shin,39,84,0,1.2,1.4,3.2,1.8,1.6,ankle,ankle,knee,ankle,knee,63,72,17,1.3,1.3,2.9,3.3,2.9,ankle,ankle,knee,ankle,knee,0,
368,20150211,74,15,7,2.4,2.2,2.6,2.2,2.7,ankle,ankle,ankle,ankle,ankle,91,35,16,3.4,3.4,3.2,3.4,2.9,shin,shin,ankle,shin,shin,94,22,0,3.2,3.3,3.3,3.2,2.9,shin,shin,ankle,ankle,ankle,0,
369,20150211,29,66,9,0.2,0.3,0.4,1.9,2.4,ankle,ankle,ankle,ankle,ankle,0,74,0,,,,,,ankle,ankle,ankle,ankle,ankle,39,57,0,0.2,0.1,1,2.9,2.7,ankle,ankle,ankle,ankle,ankle,0,
370,20150211,4,72,0, , ,1.9,,,ankle,ankle,ankle,ankle,ankle,0,68,0,,,,,,ankle,ankle,ankle,ankle,ankle,12,70,0,,,,0.9,2.9,ankle,ankle,ankle,ankle,,0,
371,20150211,72,15,0,1.7,3,2.9,2.7,1.9,ankle,ankle,ankle,ankle,shin,26,15,0,2.3,2.7,1.8,2.6,1.4,ankle,ankle,ankle,ankle,ankle,17,9,0,0.2,0.3,2.9,2.7,0.4,ankle,,ankle,,ankle,0,
372,20150211,17,46,11,1.1,1.6,1.4,2.6,3.4,ankle,,,ankle,ankle,30,16,70,3.4,3.2,3.5,,,,,,ankle,ankle,34,29,23,1.2,1.6,2.6,2.7,2.2,ankle,ankle,ankle,ankle,ankle,0,
373,20150211,16,68,0,0.2,1.6,3.4,,,ankle,ankle,ankle,ankle,ankle,38,62,0,0.7,0.3,0.7,2.6,3.4,ankle,ankle,,ankle,ankle,24,67,0,0.8,0.6,3.5,2.2,2.5,ankle,ankle,ankle,ankle,ankle,0,
374,20150211,42,72,17,1.3,1,2.3,2.5,2.2,chest,chest,waist,chest,chest,53,82,0,2.1,2.6,2.2,2.6,2.2,waist,waist,knee,waist,chest,74,60,19,1.2,1.7,2.2,2.9,2.7,waist,thigh,knee,waist,knee,0,
375,20150301,5,35,3,1.9,1.7,,,, , , , ,head,0,76,0,,,,,,shin,head,shin,shin,head,0,74,12,,,,,,knee,head,head,head,head,13,
376,20150301,8,98,0,,,2.6,,,waist,shin,shin,shin,waist,0,100,0,,,,,,waist,waist,waist,waist,waist,9,84,0,,,,2.9,,waist,waist,waist,waist,waist,13,
377,20150301,0,89,0,,,,,,waist,waist,head,head,waist,8,79,0,,3,,,, ,shin,shin,waist,waist,6,72,0,,2.6,,,,,waist,waist,,waist,13,
378,20150301,0,96,23,,,,,,head,head,head,head,head,12,84,0,,3.2,,,,,waist,waist,head,head,0,80,0,,,,,,,waist,waist,chest,waist,6,
379,20150301,12,96,0,3.3,2.9,,,,chest,chest,chest,chest,chest,87,16,12,2.7,2.9,2.7,2.4,2.3,waist,ankle,,,,0,84,0,,,,,,waist,waist,waist,waist,waist,9,
380,20150301,0,100,0,,,,,,waist,waist,waist,waist,waist,0,22,85,,,,,,,knee,,knee,knee,0,16,0,,,,,,,,,knee,knee,10,
381,20150301,0,100,0,,,,,,waist,waist,waist,head,head,0,63,0,,,,,,waist,head,,,waist,0,100,23,,,,,,chest,head,head,head,head,18,
382,20150301,0,0,0,,,,,,,,,,,0,79,0,,,,,,chest,chest,waist,waist,waist,0,54,0,,,,,,waist,waist,head,,,11,
383,20150301,0,59,2,,,,,,head,head,head,head,head,0,6,0,,,,,,knee,,,,,0,100,0,,,,,,head,head,head,head,head,12,
385,20150204,0,30,11,,,,,,shin,head,shin,head,head,4,27,9,1.1,1.7,1.6,1.5,,shin,shin,waist,waist,shin,0,54,4,,,,,,head,head,head,head,head,25,
386,20150204,11,38,9,1.6,1.7,,,,knee,,,,,3,80,0,0.6,,,,,head,head,head,head,head,0,30,6,,,,,,head,head,,head,head,17,
387,20150204,15,40,21,2.2,2.9,,,,shin,knee,head,head,head,37,78,0,2.6,3.9,2.4,1.4,,shin,knee,knee,knee,knee,4,97,0,1.2,1.6,0.9,,,waist,waist,waist,waist,waist,14,
388,20150204,94,62,0,3.4,3.2,3.9,3.2,3.2,knee,knee,knee,knee,knee,6,94,0,1.9,,,,2.9,waist,waist,waist,waist,waist,6,100,0,2.3,,,,,chest,head,head,head,head,2,
389,20150204,5,89,11,2.2,1.1,2.7,,,ankle,waist,waist,waist,waist,21,79,0,2.5,2.5,2.4,2.2,2,ankle,ankle,ankle,knee,knee,6,84,4,1.8,,,,,shin,waist,head,head,head,6,
390,20150204,16,21,10,0.9,1.3,,2,,,,,,head,12,62,0,0.4,0.8,,,,ankle,shin,waist,waist,head,14,33,7,3.4,0.7,0.4,2.2,2.4,ankle,ankle,ankle,waist,waist,25,
391,20150204,7,46,7,2.4,,,2.2,,ankle,waist,waist,,,3,96,17,2.2,,,0.4,0.3,knee,knee,knee,waist,knee,2,93,38,2.2,0.2,0.3,,,shin,knee,knee,shin,knee,9,
392,20150204,6,89,0,0.9,2.7,0.3,,,knee,knee,knee,knee,knee,4,92,0,1.2,1.9,1.2,,,knee,knee,knee,knee,knee,1,90,6,,,,,,waist,waist,head,head,head,0,
393,20150204,0,74,9,,,,,,waist,chest,chest,chest,chest,3,99,0,1.9,,,,,knee,knee,knee,knee,knee,6,97,0,0.3,1.4,,,,knee,knee,knee,knee,knee,6,
394,20150205,11,30,21,0.6,0.9,0.3,1.2,,ankle,ankle,,,ankle,3,57,0,,1.4,,,,ankle,waist,head,head,head,4,44,0,,1.2,,,,,ankle,waist,waist,head,14,
395,20150205,0,18,0,,,,,,,ankle,ankle,,,1,17,7,,,,,0.4,,ankle,ankle,ankle,ankle,0,11,0,,,,,,,ankle,,,,35,
396,20150205,0,40,17,0.2,0.1,,,0.1,ankle,,ankle,ankle,ankle,11,37,39,0.4,0.2,0.3,,0.3,ankle,ankle,ankle,,ankle,7,29,6,,0.2,0.7,0.2,0.6,,ankle,ankle,ankle,ankle,30,
397,20150205,3,29,0,0.3,0.1,0.5,0.2,,,,ankle,ankle,,13,31,0,0.3,0.1,0.1,1.1,1.3,ankle,ankle,ankle,,ankle,0,27,0,,,,,,,,ankle,ankle,ankle,28,
398,20150205,4,34,0,0.3,,0.2,0.2,0.3,,,ankle,ankle,ankle,0,41,16,,0.2,,,,ankle,ankle,ankle,shin,shin,16,26,0,0.4,0.9,1.3,1.2,0.1,,,ankle,waist,waist,36,
399,20150205,0,15,0,,,,,,,,,,,0,17,0,,,,,,,,,,,11,34,16,,2.1,,1.7,0.9,ankle,,,,,33,
400,20150205,11,16,50,,1.7,2.3,2.7,2.6,ankle,ankle,,,,14,17,0,0.2,0.3,1.8,1.2,,ankle,shin,shin,shin,shin,24,35,0,2.2,2.7,3.4,1,,ankle,ankle,knee,head,head,15,
401,20150205,40,17,0,,,3.3,3.4,3.4,ankle,shin,shin,knee,ankle,16,20,0,0.7,1.2,,1.4,1.4,waist,,,waist,waist,17,68,9,2.1,2,1.6,1.7,1.6,thigh,waist,waist,waist,waist,0,
402,20150205,3,20,0,,1.1,,,,knee,knee,thigh,thigh,thigh,0,3,6,,,,,,,,,,,0,31,6,1,,,,,ankle,,,ankle,shin,10,
406,20150221,0,60,32,,,,,,ankle,ankle,ankle,ankle,ankle,0,100,0,,,,,,2.7,2.7,2.7,2.7,2.7,0,100,0,,,,,,2.7,2.7,2.7,2.7,2.7,0,
408,20150313,0,100,0,,,,,,2.6,2.6,2.6,2.6,2.6,0,85,0,,,,,,ankle,ankle,2.6,2.6,2.6,0,98,0,,,,,,2.4,2.5,2.6,2.6,2.6,0,
409,20150313,0,100,0,,,,,,2.6,2.6,2.6,2.6,2.6,0,94,0,,,,,,2.6,2.6,2.6,2.6,2.6,0,100,0,,,,,,2.2,2.2,2.2,2.2,2.5,0,
410,20150313,0,98,0,,,,,,2.8,2.8,2.8,2.8,2.8,0,96,0,,,,,,2.8,2.8,2.8,2.8,2.8,0,97,0,,,,,,2.8,2.8,2.8,2.8,2.8,1,
411,20150313,0,100,0,,,,,,ankle,ankle,ankle,ankle,ankle,0,100,0,,,,,,2.8,2.8,2.8,2.8,2.8,0,100,0,,,,,,2.8,2.8,2.8,2.8,2.8,0,
412,20150313,0,98,0,,,,,,2.8,2.8,2.8,2.8,2.8,0,96,0,,,,,,2.8,2.8,2.8,2.8,2.8,0,99,0,,,,,,2.8,2.8,2.8,2.8,2.8,0,
413,20150313,0,94,0,,,,,,2.8,2.8,2.8,2.8,2.8,0,87,0,,,,,,2.8,2.8,2.8,2.8,2.8,16,0,7,,,,,,,ankle,,,ankle,2,
414,20150313,0,78,21,,,,,,shin,shin,ankle,ankle,ankle,0,96,0,,,,,,2.8,2.8,2.8,2.8,2.8,0,96,0,,,,,,2.8,2.8,2.8,2.8,2.8,14,
415,20150313,0,100,0,,,,,,ankle,ankle,ankle,ankle,ankle,0,100,0,,,,,,2.6,2.6,2.6,2.6,2.6,0,81,0,,,,,,2.8,2.8,2.8,2.8,2.8,0,
416,20150313,0,100,0,,,,,,ankle,ankle,ankle,ankle,ankle,0,99,0,,,,,,2.7,2.7,2.7,2.7,2.7,3,76,0,,,,,,,ankle,2.8,2.9,2.9,1,
418,20150221,0,100,0,,,,,,2.7,2.7,2.7,2.7,2.7,0,100,0,,,,,,2.7,2.7,2.7,2.7,2.7,0,95,100,,,,,,2.7,2.7,2.7,2.7,2.7,0,
419,20150221,0,100,0,,,,,,2.7,2.7,2.7,2.7,2.7,0,100,0,,,,,,2.7,2.7,2.7,2.7,2.7,0,95,100,,,,,,2.7,2.7,2.7,2.7,2.7,0,
420,20150221,0,95,0,,,,,,2.7,2.7,2.7,2.7,2.7,0,100,0,,,,,,2.7,2.7,2.7,2.7,2.7,0,100,0,,,,,,2.7,2.7,2.7,2.7,2.7,0,
421,20150221,0,95,0,,,,,,2.7,2.7,2.7,2.7,2.7,0,100,0,,,,,,2.7,2.7,2.7,2.7,2.7,0,100,0,,,,,,2.7,2.7,2.7,2.7,2.7,0,
422,20150221,0,95,0,,,,,,2.7,2.7,2.7,2.7,2.7,0,100,0,,,,,,2.7,2.7,2.7,2.7,2.7,0,100,0,,,,,,2.7,2.7,2.7,2.7,2.7,0,
423,20150221,0,90,0,,,,,,,2.6,2.6,2.6,2.6,0,100,0,,,,,,2.6,2.6,2.6,2.6,2.6,0,100,0,,,,,,2.6,2.6,2.6,2.6,2.6,0,
424,20150221,0,88,0,,,,,,,2.6,2.6,2.6,2.6,0,100,0,,,,,,2.6,2.6,2.6,2.6,2.6,0,100,0,,,,,,2.6,2.6,2.6,2.6,2.6,0,
425,20150221,0,92,0,,,,,,2.6,2.6,2.6,2.6,2.6,0,100,0,,,,,,2.6,2.6,2.6,2.6,2.6,0,100,0,,,,,,2.6,2.6,2.6,2.6,2.6,0,
427,20150224,0,30,0,,,,,,,,,ankle,2.7,0,96,0,,,,,,2.8,2.8,2.8,2.8,2.8,0,84,17,,,,,,2.6,2.6,2.6,2.6,2.6,0,
428,20150224,0,100,0,,,,,,,,,,,0,100,0,,,,,,2.8,2.8,2.8,2.8,2.8,0,100,0,,,,,,2.8,2.8,2.8,2.8,2.8,0,
429,20150224,0,100,0,,,,,,,,,,,0,100,0,,,,,,2.8,2.8,2.8,2.8,2.8,0,100,0,,,,,,2.8,2.8,2.8,2.8,2.8,0,
430,20150224,0,100,0,,,,,,,,,,,0,100,0,,,,,,2.8,2.8,2.8,2.8,2.8,0,100,0,,,,,,2.8,2.8,2.8,2.8,2.8,0,
431,20150224,16,100,54,,,2.6,3.5,2.9,waist,waist,waist,,waist,11,100,0,3.5,2.9,0.7,1.4,,waist,waist,waist,waist,waist,0,91,0,,,,,,,2.7,2.7,2.7,2.5,0,
432,20150224,18,11,94,,1.7,2.1,1.6,1.4,chest,waist,,,,21,91,14,3.2,1.9,,,,waist,waist,waist,waist,waist,0,100,0,,,,,,2.6,2.6,2.6,2.6,2.6,0,
433,20150224,31,22,29,,,2.2,1.7,1.4,,ankle,chest,chest,ankle,42,16,68,,2.7,2.4,2.6,2.3,ankle,ankle,chest,chest,,0,100,0,,,,,,2.6,2.6,2.6,2.6,2.6,0,
434,20150224,3,100,4,,,1.9,,2.7,waist,waist,waist,waist,waist,21,70,31,1.7,1.6,3.2,1.6,2.4,chest,chest,chest,,,0,100,0,,,,,,2.8,2.8,2.8,2.8,2.8,0,
435,20150224,0,21,0,,,,,,,ankle,,,ankle,0,100,0,,,,,,2.5,2.5,2.5,2.5,2.5,0,24,65,,,,,,,waist,knee,,,0,
436,20150221,0,100,0,,,,,,2.5,2.5,2.5,2.5,2.5,0,94,0,,,,,,0.9,2.9,2.9,2.9,2.9,0,91,0,,,,,,0.9,0.9,0.9,0.9,0.9,0,
437,20150221,0,100,0,,,,,,2.5,2.5,2.5,2.5,2.5,11,96,16,,,,,,waist,waist,2.7,2.7,waist,7,94,23,,,,,,ankle,waist,chest,2.6,waist,0,
438,20150221,0,100,0,,,,,,2.5,2.5,2.5,2.5,2.5,16,91,26,,,,,,waist,2.5,2.5,2.5,waist,9,89,17,,,,,,waist,2.5,2.5,2.5,waist,0,
439,20150221,0,100,0,,,,,,3,3,3,3,3,0,100,0,,,,,,3,3,3,3,3,0,100,0,,,,,,3,3,3,3,3,0,
440,20150221,7,50,30,,,2.7,,,,shin,knee,knee,knee,0,100,0,,,,,,2.3,2.3,2.3,2.3,2.3,0,100,0,,,,,,2,2.3,2.3,2.3,2.3,0,
441,20150221,0,100,0,,,,,,2.5,2.5,2.5,2.5,2.5,4,100,0,,2.5,,,,waist,2.5,2.5,2.5,waist,0,100,0,,,,,,waist,waist,head,head,head,0,
442,20150224,1,30,4,,,,2.7,,2.3,,,ankle,ankle,0,0,0,,,,,,,,,,,0,97,0,,,,,,2.8,2.8,2.8,2.8,2.8,0,
443,20150221,0,100,0,,,,,,shin,2.6,2.6,2.6,2.6,0,100,0,,,,,,2.6,2.6,2.6,2.6,2.6,3,100,0,,,2.4,,,ankle,ankle,waist,head,head,0,
444,20150221,0,100,0,,,,,,2.8,2.8,2.8,2.8,2.8,0,100,0,,,,,,2.7,2.7,2.7,2.7,2.7,0,97,0,,,,,,ankle,ankle,2.7,2.7,2.7,0,
445,20150221,11,78,88,0.9,1.4,1.2,0.6,1,shin,waist,knee,shin,shin,0,100,0,,,,,,2.6,2.6,2.6,2.6,2.6,0,100,0,,,,,,2.6,2.6,2.6,2.6,2.6,0,
